Sample,P,PR,QRS,ST,T,TP,Test
1.00,0.34,0.01,0.08,0.05,0.37,0.11,229.00
2.00,0.32,0.01,0.11,0.05,0.36,0.10,231.50
3.00,0.33,0.01,0.11,0.05,0.37,0.10,234.00
4.00,0.32,0.01,0.12,0.05,0.36,0.10,234.00
5.00,0.32,0.01,0.11,0.05,0.37,0.10,234.00
6.00,0.32,0.01,0.12,0.05,0.36,0.10,236.50
7.00,0.32,0.01,0.12,0.05,0.36,0.09,239.00
8.00,0.32,0.01,0.12,0.05,0.36,0.10,236.50
9.00,0.33,0.01,0.11,0.05,0.37,0.10,234.00
10.00,0.32,0.01,0.12,0.05,0.36,0.10,234.00
11.00,0.33,0.01,0.11,0.05,0.37,0.10,234.00
12.00,0.32,0.01,0.11,0.05,0.36,0.10,231.50
13.00,0.33,0.01,0.11,0.05,0.37,0.10,229.00
14.00,0.32,0.01,0.11,0.05,0.36,0.10,229.00
15.00,0.33,0.01,0.11,0.05,0.37,0.10,229.00
16.00,0.32,0.01,0.11,0.05,0.36,0.10,231.50
17.00,0.34,0.01,0.08,0.05,0.37,0.11,234.00
18.00,0.32,0.01,0.11,0.05,0.36,0.10,229.00
19.00,0.33,0.00,0.10,0.05,0.37,0.10,224.00
20.00,0.33,0.01,0.11,0.05,0.37,0.10,224.00
21.00,0.33,0.01,0.10,0.05,0.37,0.10,224.00
22.00,0.33,0.01,0.11,0.05,0.36,0.10,226.50
23.00,0.33,0.01,0.11,0.05,0.37,0.10,229.00
24.00,0.33,0.01,0.11,0.05,0.36,0.10,226.50
25.00,0.33,0.00,0.10,0.05,0.37,0.10,224.00
26.00,0.33,0.01,0.11,0.05,0.37,0.10,224.00
27.00,0.33,0.00,0.10,0.05,0.37,0.10,224.00
28.00,0.33,0.01,0.11,0.05,0.37,0.10,222.00
29.00,0.33,0.00,0.10,0.05,0.37,0.10,220.00
30.00,0.33,0.01,0.11,0.05,0.37,0.10,217.50
31.00,0.33,0.00,0.10,0.05,0.37,0.10,215.00
32.00,0.33,0.01,0.10,0.05,0.37,0.10,215.00
33.00,0.34,0.01,0.08,0.05,0.37,0.12,215.00
34.00,0.33,0.01,0.10,0.05,0.37,0.10,210.00
35.00,0.33,0.01,0.09,0.05,0.37,0.10,205.00
36.00,0.33,0.01,0.10,0.05,0.37,0.10,205.00
37.00,0.33,0.01,0.09,0.05,0.37,0.10,205.00
38.00,0.33,0.01,0.10,0.05,0.37,0.10,202.50
39.00,0.33,0.01,0.09,0.05,0.37,0.10,200.00
40.00,0.33,0.01,0.09,0.05,0.36,0.11,192.50
41.00,0.33,0.01,0.09,0.05,0.37,0.11,185.00
42.00,0.33,0.01,0.09,0.05,0.36,0.11,183.00
43.00,0.33,0.01,0.08,0.05,0.37,0.11,181.00
44.00,0.33,0.01,0.09,0.05,0.36,0.12,178.50
45.00,0.33,0.01,0.08,0.05,0.36,0.12,176.00
46.00,0.33,0.01,0.09,0.05,0.36,0.12,176.00
47.00,0.33,0.01,0.08,0.05,0.36,0.12,176.00
48.00,0.33,0.01,0.08,0.05,0.36,0.12,173.50
49.00,0.33,0.01,0.07,0.06,0.36,0.14,171.00
50.00,0.33,0.01,0.08,0.06,0.36,0.13,163.50
51.00,0.32,0.01,0.07,0.06,0.35,0.13,156.00
52.00,0.32,0.01,0.08,0.06,0.35,0.14,153.50
53.00,0.32,0.01,0.07,0.06,0.35,0.14,151.00
54.00,0.32,0.01,0.07,0.06,0.35,0.14,151.00
55.00,0.32,0.01,0.07,0.06,0.35,0.14,151.00
56.00,0.32,0.01,0.07,0.06,0.35,0.14,146.00
57.00,0.32,0.01,0.07,0.06,0.35,0.15,141.00
58.00,0.32,0.01,0.07,0.06,0.34,0.15,136.50
59.00,0.31,0.01,0.06,0.06,0.34,0.16,132.00
60.00,0.32,0.01,0.06,0.07,0.34,0.16,132.00
61.00,0.31,0.01,0.06,0.06,0.34,0.16,132.00
62.00,0.31,0.01,0.06,0.07,0.34,0.16,127.00
63.00,0.30,0.01,0.06,0.07,0.33,0.17,122.00
64.00,0.30,0.01,0.06,0.07,0.33,0.18,117.00
65.00,0.26,0.01,0.04,0.09,0.31,0.25,112.00
66.00,0.29,0.01,0.05,0.08,0.33,0.20,109.50
67.00,0.28,0.01,0.05,0.08,0.32,0.21,107.00
68.00,0.28,0.01,0.05,0.08,0.32,0.21,104.50
69.00,0.27,0.01,0.05,0.08,0.31,0.22,102.00
70.00,0.27,0.01,0.05,0.09,0.31,0.23,97.50
71.00,0.25,0.01,0.05,0.09,0.31,0.24,93.00
72.00,0.25,0.02,0.05,0.10,0.31,0.25,90.50
73.00,0.24,0.01,0.05,0.10,0.30,0.26,88.00
74.00,0.24,0.02,0.04,0.10,0.30,0.26,85.50
75.00,0.23,0.02,0.05,0.10,0.30,0.27,83.00
76.00,0.23,0.02,0.04,0.11,0.30,0.28,78.00
77.00,0.21,0.02,0.04,0.10,0.29,0.30,73.00
78.00,0.21,0.03,0.04,0.11,0.29,0.31,70.50
79.00,0.19,0.03,0.04,0.11,0.28,0.31,68.00
80.00,0.18,0.03,0.04,0.11,0.28,0.33,63.50
81.00,0.15,0.04,0.04,0.12,0.26,0.37,59.00
82.00,0.16,0.04,0.04,0.11,0.26,0.36,54.00
83.00,0.15,0.04,0.04,0.12,0.26,0.37,49.00
84.00,0.15,0.04,0.04,0.11,0.26,0.37,49.00
85.00,0.15,0.04,0.04,0.12,0.26,0.37,49.00
86.00,0.15,0.04,0.04,0.11,0.25,0.38,44.00
87.00,0.14,0.04,0.03,0.12,0.24,0.40,39.00
88.00,0.14,0.04,0.04,0.11,0.23,0.39,39.00
89.00,0.14,0.04,0.03,0.12,0.24,0.40,39.00
90.00,0.13,0.04,0.04,0.11,0.23,0.40,36.50
91.00,0.13,0.05,0.03,0.12,0.23,0.41,34.00
92.00,0.13,0.05,0.04,0.11,0.22,0.41,31.50
93.00,0.12,0.05,0.03,0.12,0.21,0.43,29.00
94.00,0.12,0.05,0.04,0.12,0.20,0.43,26.50
95.00,0.12,0.05,0.03,0.12,0.20,0.44,24.00
96.00,0.11,0.05,0.04,0.12,0.20,0.44,21.50
97.00,0.11,0.05,0.02,0.12,0.19,0.46,19.00
98.00,0.11,0.05,0.04,0.12,0.19,0.45,17.00
99.00,0.11,0.06,0.02,0.12,0.19,0.47,15.00
100.00,0.11,0.05,0.03,0.12,0.19,0.46,15.00
101.00,0.11,0.06,0.02,0.12,0.19,0.47,15.00
102.00,0.10,0.06,0.03,0.12,0.19,0.47,12.50
103.00,0.10,0.06,0.01,0.11,0.17,0.51,10.00
104.00,0.10,0.06,0.03,0.12,0.18,0.48,10.00
105.00,0.10,0.06,0.01,0.11,0.17,0.51,10.00
106.00,0.10,0.06,0.03,0.12,0.18,0.48,10.00
107.00,0.10,0.06,0.01,0.11,0.17,0.51,10.00
108.00,0.10,0.06,0.03,0.12,0.18,0.48,10.00
109.00,0.10,0.06,0.01,0.11,0.17,0.51,10.00
110.00,0.10,0.06,0.03,0.12,0.18,0.48,10.00
111.00,0.10,0.06,0.02,0.11,0.17,0.50,10.00
112.00,0.10,0.06,0.03,0.12,0.18,0.48,7.50
113.00,0.09,0.06,0.01,0.11,0.17,0.51,5.00
114.00,0.10,0.06,0.03,0.12,0.18,0.49,2.50
115.00,0.09,0.06,0.01,0.11,0.17,0.52,0.00
116.00,0.10,0.06,0.03,0.12,0.18,0.49,2.50
117.00,0.09,0.06,0.01,0.11,0.17,0.51,5.00
118.00,0.10,0.06,0.03,0.12,0.18,0.49,2.50
119.00,0.10,0.07,-0.01,0.06,0.08,0.69,0.00
120.00,0.10,0.06,0.02,0.10,0.15,0.55,0.00
121.00,0.09,0.06,0.01,0.11,0.17,0.52,0.00
122.00,0.09,0.06,0.03,0.12,0.17,0.50,-2.50
123.00,0.09,0.07,0.01,0.12,0.16,0.52,-5.00
124.00,0.09,0.06,0.03,0.12,0.17,0.50,-2.50
125.00,0.09,0.06,0.01,0.11,0.17,0.52,0.00
126.00,0.09,0.06,0.03,0.12,0.17,0.50,-2.50
127.00,0.09,0.07,0.01,0.12,0.16,0.53,-5.00
128.00,0.09,0.06,0.03,0.12,0.17,0.50,-5.00
129.00,0.09,0.07,0.01,0.12,0.16,0.52,-5.00
130.00,0.09,0.06,0.03,0.12,0.17,0.50,-2.50
131.00,0.09,0.06,0.01,0.11,0.17,0.52,0.00
132.00,0.09,0.06,0.03,0.12,0.17,0.50,-2.50
133.00,0.09,0.07,0.01,0.12,0.16,0.53,-5.00
134.00,0.09,0.06,0.03,0.12,0.17,0.50,-5.00
135.00,0.09,0.07,0.01,0.12,0.16,0.53,-5.00
136.00,0.09,0.06,0.03,0.12,0.17,0.50,-5.00
137.00,0.09,0.07,0.01,0.12,0.16,0.53,-5.00
138.00,0.09,0.07,0.03,0.12,0.17,0.49,-7.50
139.00,0.08,0.08,0.01,0.13,0.16,0.52,-10.00
140.00,0.09,0.07,0.03,0.13,0.17,0.48,-10.00
141.00,0.09,0.07,0.02,0.13,0.17,0.50,-10.00
142.00,0.09,0.06,0.03,0.12,0.17,0.50,-5.10
143.00,0.10,0.06,0.00,0.07,0.09,0.67,-0.10
144.00,0.10,0.06,0.02,0.10,0.15,0.55,0.00
145.00,0.09,0.06,0.01,0.11,0.17,0.52,0.00
146.00,0.09,0.06,0.03,0.12,0.17,0.50,-2.50
147.00,0.09,0.07,0.01,0.12,0.16,0.53,-5.00
148.00,0.09,0.06,0.03,0.12,0.17,0.50,-5.00
149.00,0.09,0.07,0.01,0.12,0.16,0.52,-5.00
150.00,0.09,0.06,0.03,0.12,0.17,0.50,-2.50
151.00,0.09,0.06,0.01,0.11,0.17,0.52,0.00
152.00,0.09,0.06,0.03,0.12,0.17,0.50,-2.50
153.00,0.09,0.07,0.01,0.12,0.16,0.52,-5.00
154.00,0.09,0.06,0.03,0.12,0.17,0.50,-2.50
155.00,0.09,0.06,0.01,0.11,0.17,0.52,0.00
156.00,0.09,0.06,0.03,0.12,0.17,0.50,-2.50
157.00,0.09,0.07,0.01,0.12,0.16,0.52,-5.00
158.00,0.09,0.06,0.03,0.12,0.17,0.50,-2.50
159.00,0.10,0.07,-0.01,0.06,0.08,0.69,0.00
160.00,0.10,0.06,0.02,0.10,0.15,0.55,0.00
161.00,0.10,0.07,-0.01,0.06,0.08,0.71,0.00
162.00,0.10,0.06,0.02,0.10,0.15,0.55,0.00
163.00,0.10,0.07,-0.01,0.06,0.08,0.69,0.00
164.00,0.10,0.06,0.02,0.10,0.15,0.55,0.00
165.00,0.10,0.07,-0.01,0.06,0.08,0.69,0.00
166.00,0.10,0.06,0.02,0.10,0.15,0.55,0.00
167.00,0.10,0.07,-0.01,0.06,0.08,0.69,0.00
168.00,0.10,0.06,0.02,0.10,0.15,0.55,0.00
169.00,0.09,0.06,0.01,0.11,0.17,0.52,0.00
170.00,0.10,0.06,0.03,0.12,0.18,0.49,2.50
171.00,0.09,0.06,0.01,0.11,0.17,0.52,5.00
172.00,0.10,0.06,0.03,0.12,0.18,0.49,5.00
173.00,0.09,0.06,0.01,0.11,0.17,0.52,5.00
174.00,0.10,0.06,0.03,0.12,0.18,0.48,7.50
175.00,0.10,0.06,0.01,0.11,0.17,0.51,10.00
176.00,0.10,0.06,0.03,0.12,0.18,0.48,10.00
177.00,0.10,0.06,0.02,0.12,0.18,0.49,10.00
178.00,0.11,0.05,0.03,0.12,0.19,0.46,14.40
179.00,0.11,0.05,0.03,0.12,0.20,0.46,18.90
180.00,0.11,0.05,0.04,0.12,0.19,0.45,19.00
181.00,0.11,0.05,0.03,0.12,0.20,0.46,19.00
182.00,0.11,0.05,0.04,0.12,0.19,0.45,19.00
183.00,0.11,0.05,0.03,0.12,0.20,0.45,19.00
184.00,0.11,0.05,0.04,0.12,0.20,0.44,21.50
185.00,0.12,0.05,0.03,0.12,0.21,0.44,24.00
186.00,0.12,0.05,0.04,0.12,0.20,0.43,26.50
187.00,0.12,0.05,0.03,0.12,0.21,0.43,29.00
188.00,0.12,0.05,0.04,0.11,0.21,0.42,29.00
189.00,0.12,0.05,0.03,0.12,0.21,0.43,29.00
190.00,0.12,0.05,0.04,0.12,0.20,0.43,26.50
191.00,0.12,0.05,0.03,0.12,0.21,0.44,24.00
192.00,0.12,0.05,0.04,0.11,0.21,0.42,28.90
193.00,0.12,0.05,0.03,0.12,0.20,0.44,33.90
194.00,0.13,0.04,0.04,0.11,0.22,0.41,34.00
195.00,0.13,0.04,0.04,0.12,0.23,0.41,34.00
196.00,0.13,0.04,0.04,0.11,0.23,0.40,36.50
197.00,0.14,0.04,0.03,0.12,0.24,0.40,39.00
198.00,0.14,0.04,0.04,0.11,0.23,0.39,39.00
199.00,0.14,0.04,0.04,0.12,0.24,0.39,39.00
200.00,0.15,0.04,0.04,0.11,0.25,0.38,43.90
201.00,0.15,0.04,0.04,0.12,0.26,0.37,48.90
202.00,0.15,0.04,0.04,0.11,0.25,0.37,46.60
203.00,0.14,0.04,0.04,0.12,0.25,0.38,44.10
204.00,0.15,0.04,0.04,0.11,0.25,0.38,44.00
205.00,0.15,0.04,0.04,0.12,0.25,0.38,44.00
206.00,0.15,0.04,0.04,0.11,0.25,0.37,46.40
207.00,0.15,0.04,0.04,0.11,0.26,0.37,48.90
208.00,0.16,0.04,0.04,0.11,0.26,0.36,51.40
209.00,0.14,0.04,0.04,0.12,0.25,0.38,53.90
210.00,0.16,0.04,0.04,0.11,0.26,0.36,54.00
211.00,0.16,0.04,0.04,0.11,0.27,0.35,54.00
212.00,0.17,0.04,0.04,0.11,0.27,0.35,56.40
213.00,0.17,0.03,0.04,0.11,0.27,0.34,58.90
214.00,0.17,0.03,0.04,0.11,0.27,0.34,59.00
215.00,0.17,0.03,0.04,0.11,0.27,0.34,59.00
216.00,0.17,0.03,0.04,0.11,0.27,0.34,59.00
217.00,0.17,0.03,0.04,0.11,0.27,0.34,59.00
218.00,0.17,0.03,0.04,0.11,0.27,0.34,59.00
219.00,0.17,0.03,0.04,0.11,0.27,0.34,59.00
220.00,0.17,0.04,0.04,0.11,0.27,0.35,56.60
221.00,0.16,0.04,0.04,0.11,0.27,0.36,54.10
222.00,0.16,0.04,0.04,0.11,0.26,0.36,54.00
223.00,0.16,0.04,0.04,0.11,0.27,0.35,54.00
224.00,0.17,0.04,0.04,0.11,0.27,0.35,56.40
225.00,0.15,0.04,0.04,0.12,0.26,0.37,58.90
226.00,0.17,0.04,0.04,0.11,0.27,0.35,56.60
227.00,0.16,0.04,0.04,0.11,0.27,0.36,54.10
228.00,0.16,0.04,0.04,0.11,0.26,0.36,54.00
229.00,0.16,0.04,0.04,0.11,0.27,0.36,54.00
230.00,0.16,0.04,0.04,0.11,0.26,0.36,54.00
231.00,0.16,0.04,0.04,0.11,0.27,0.36,54.00
232.00,0.16,0.04,0.04,0.11,0.26,0.36,51.60
233.00,0.15,0.04,0.04,0.12,0.26,0.37,49.10
234.00,0.15,0.04,0.04,0.11,0.25,0.38,44.10
235.00,0.14,0.04,0.04,0.12,0.24,0.40,39.10
236.00,0.13,0.04,0.04,0.11,0.22,0.40,34.10
237.00,0.12,0.05,0.03,0.12,0.21,0.43,29.10
238.00,0.12,0.05,0.04,0.11,0.21,0.42,29.00
239.00,0.12,0.05,0.03,0.12,0.21,0.43,29.00
240.00,0.12,0.05,0.04,0.12,0.21,0.43,26.60
241.00,0.11,0.06,0.03,0.12,0.20,0.45,24.10
242.00,0.11,0.05,0.04,0.12,0.20,0.44,21.60
243.00,0.11,0.05,0.03,0.12,0.20,0.45,19.10
244.00,0.11,0.05,0.03,0.12,0.19,0.46,14.60
245.00,0.10,0.06,0.01,0.11,0.17,0.50,10.10
246.00,0.10,0.06,0.03,0.12,0.18,0.48,10.00
247.00,0.10,0.06,0.02,0.11,0.17,0.50,10.00
248.00,0.10,0.06,0.03,0.12,0.18,0.48,7.60
249.00,0.10,0.06,0.02,0.11,0.17,0.51,5.10
250.00,0.10,0.06,0.02,0.11,0.16,0.52,0.10
251.00,0.09,0.07,0.01,0.12,0.16,0.52,-4.90
252.00,0.09,0.06,0.03,0.12,0.17,0.50,-2.60
253.00,0.09,0.06,0.01,0.12,0.17,0.51,-0.10
254.00,0.09,0.06,0.03,0.12,0.17,0.50,-2.40
255.00,0.09,0.07,0.01,0.12,0.16,0.53,-4.90
256.00,0.09,0.06,0.03,0.12,0.17,0.50,-5.00
257.00,0.09,0.07,0.01,0.12,0.16,0.53,-5.00
258.00,0.09,0.06,0.03,0.12,0.17,0.50,-5.00
259.00,0.09,0.07,0.01,0.12,0.16,0.53,-5.00
260.00,0.09,0.07,0.03,0.12,0.17,0.49,-7.40
261.00,0.08,0.08,0.01,0.13,0.16,0.52,-9.90
262.00,0.09,0.07,0.03,0.13,0.17,0.48,-10.00
263.00,0.08,0.08,0.01,0.13,0.16,0.52,-10.00
264.00,0.09,0.07,0.03,0.13,0.17,0.48,-10.00
265.00,0.08,0.08,0.02,0.13,0.16,0.50,-10.00
266.00,0.08,0.08,0.04,0.13,0.17,0.46,-12.40
267.00,0.07,0.09,0.02,0.14,0.15,0.49,-14.90
268.00,0.08,0.08,0.04,0.14,0.17,0.46,-15.00
269.00,0.07,0.09,0.02,0.14,0.16,0.49,-15.00
270.00,0.08,0.08,0.04,0.14,0.17,0.45,-17.40
271.00,0.07,0.09,0.03,0.14,0.16,0.48,-19.90
272.00,0.08,0.08,0.04,0.14,0.17,0.44,-20.00
273.00,0.07,0.09,0.02,0.14,0.16,0.49,-20.00
274.00,0.08,0.08,0.04,0.14,0.17,0.44,-21.90
275.00,0.07,0.09,0.03,0.15,0.16,0.46,-23.90
276.00,0.08,0.08,0.04,0.14,0.17,0.43,-24.00
277.00,0.07,0.09,0.03,0.15,0.16,0.46,-24.00
278.00,0.08,0.08,0.04,0.14,0.17,0.43,-24.00
279.00,0.07,0.09,0.03,0.15,0.16,0.46,-24.00
280.00,0.08,0.08,0.04,0.14,0.17,0.43,-24.00
281.00,0.07,0.09,0.03,0.15,0.16,0.46,-24.00
282.00,0.08,0.08,0.04,0.14,0.17,0.43,-24.00
283.00,0.07,0.09,0.03,0.15,0.16,0.46,-24.00
284.00,0.08,0.08,0.04,0.14,0.17,0.43,-24.00
285.00,0.07,0.09,0.03,0.15,0.16,0.46,-24.00
286.00,0.08,0.08,0.04,0.14,0.17,0.43,-24.00
287.00,0.07,0.09,0.03,0.15,0.16,0.46,-24.00
288.00,0.08,0.08,0.04,0.14,0.17,0.43,-22.10
289.00,0.07,0.09,0.02,0.14,0.16,0.48,-20.10
290.00,0.08,0.08,0.04,0.14,0.17,0.44,-20.00
291.00,0.07,0.09,0.03,0.14,0.16,0.47,-20.00
292.00,0.08,0.08,0.04,0.14,0.17,0.44,-21.90
293.00,0.07,0.09,0.03,0.15,0.16,0.46,-23.90
294.00,0.08,0.08,0.04,0.14,0.17,0.42,-26.40
295.00,0.07,0.09,0.03,0.15,0.16,0.44,-28.90
296.00,0.08,0.09,0.05,0.15,0.17,0.41,-31.40
297.00,0.07,0.10,0.04,0.15,0.17,0.42,-33.90
298.00,0.08,0.09,0.05,0.15,0.17,0.40,-34.00
299.00,0.07,0.10,0.04,0.15,0.17,0.42,-34.00
300.00,0.08,0.09,0.05,0.15,0.17,0.41,-31.60
301.00,0.07,0.10,0.03,0.15,0.16,0.44,-29.10
302.00,0.08,0.08,0.04,0.14,0.17,0.42,-26.60
303.00,0.07,0.09,0.03,0.15,0.16,0.46,-24.10
304.00,0.08,0.08,0.04,0.14,0.17,0.42,-26.40
305.00,0.07,0.09,0.03,0.15,0.16,0.46,-28.90
306.00,0.08,0.08,0.04,0.14,0.17,0.42,-26.60
307.00,0.07,0.09,0.03,0.15,0.16,0.46,-24.10
308.00,0.08,0.08,0.04,0.14,0.17,0.43,-24.00
309.00,0.07,0.09,0.03,0.15,0.16,0.46,-24.00
310.00,0.08,0.08,0.04,0.14,0.17,0.42,-26.40
311.00,0.07,0.09,0.04,0.15,0.16,0.44,-28.90
312.00,0.08,0.09,0.05,0.15,0.17,0.40,-33.80
313.00,0.07,0.10,0.04,0.16,0.17,0.40,-38.80
314.00,0.07,0.09,0.05,0.15,0.18,0.39,-36.60
315.00,0.07,0.10,0.04,0.15,0.17,0.42,-34.10
316.00,0.08,0.09,0.05,0.15,0.17,0.40,-34.00
317.00,0.07,0.10,0.04,0.15,0.17,0.42,-34.00
318.00,0.08,0.09,0.05,0.15,0.17,0.41,-31.60
319.00,0.07,0.10,0.03,0.15,0.16,0.44,-29.10
320.00,0.08,0.09,0.05,0.15,0.17,0.42,-29.00
321.00,0.07,0.09,0.03,0.15,0.16,0.46,-29.00
322.00,0.08,0.09,0.05,0.15,0.17,0.42,-29.00
323.00,0.07,0.10,0.03,0.15,0.16,0.44,-29.00
324.00,0.08,0.09,0.05,0.15,0.17,0.42,-29.00
325.00,0.07,0.10,0.03,0.15,0.16,0.44,-29.00
326.00,0.08,0.09,0.05,0.15,0.17,0.42,-29.00
327.00,0.07,0.10,0.03,0.15,0.16,0.44,-29.00
328.00,0.08,0.09,0.05,0.15,0.17,0.42,-29.00
329.00,0.07,0.10,0.03,0.15,0.16,0.44,-29.00
330.00,0.08,0.09,0.05,0.15,0.17,0.42,-29.00
331.00,0.07,0.10,0.03,0.15,0.16,0.44,-29.00
332.00,0.08,0.09,0.05,0.15,0.17,0.42,-29.00
333.00,0.07,0.10,0.03,0.15,0.16,0.44,-29.00
334.00,0.08,0.09,0.05,0.15,0.17,0.42,-29.00
335.00,0.07,0.10,0.03,0.15,0.16,0.44,-29.00
336.00,0.08,0.09,0.05,0.15,0.17,0.42,-29.00
337.00,0.07,0.09,0.03,0.15,0.16,0.46,-29.00
338.00,0.08,0.09,0.05,0.15,0.17,0.41,-31.40
339.00,0.07,0.10,0.04,0.15,0.17,0.42,-33.90
340.00,0.08,0.09,0.05,0.15,0.17,0.41,-31.60
341.00,0.07,0.09,0.03,0.15,0.16,0.44,-29.10
342.00,0.08,0.09,0.05,0.15,0.17,0.41,-31.40
343.00,0.07,0.10,0.04,0.15,0.17,0.42,-33.90
344.00,0.08,0.09,0.05,0.15,0.17,0.40,-34.00
345.00,0.07,0.10,0.04,0.15,0.17,0.42,-34.00
346.00,0.07,0.09,0.05,0.15,0.18,0.39,-36.40
347.00,0.07,0.10,0.04,0.16,0.17,0.40,-38.90
348.00,0.07,0.09,0.05,0.15,0.18,0.39,-36.60
349.00,0.07,0.10,0.04,0.15,0.17,0.42,-34.10
350.00,0.08,0.09,0.05,0.15,0.17,0.40,-34.00
351.00,0.07,0.10,0.04,0.15,0.17,0.42,-34.00
352.00,0.08,0.09,0.05,0.15,0.17,0.40,-34.00
353.00,0.07,0.09,0.03,0.15,0.16,0.44,-34.00
354.00,0.07,0.09,0.05,0.15,0.18,0.39,-36.40
355.00,0.07,0.10,0.05,0.16,0.17,0.40,-38.90
356.00,0.07,0.09,0.05,0.15,0.18,0.39,-39.00
357.00,0.07,0.10,0.04,0.16,0.17,0.40,-39.00
358.00,0.07,0.09,0.05,0.15,0.18,0.39,-36.60
359.00,0.07,0.10,0.04,0.15,0.17,0.42,-34.10
360.00,0.08,0.09,0.05,0.15,0.17,0.41,-31.60
361.00,0.07,0.10,0.03,0.15,0.16,0.44,-29.10
362.00,0.08,0.09,0.05,0.15,0.17,0.42,-29.00
363.00,0.07,0.09,0.03,0.15,0.16,0.44,-29.00
364.00,0.08,0.09,0.05,0.15,0.17,0.41,-31.40
365.00,0.07,0.10,0.04,0.15,0.17,0.42,-33.90
366.00,0.08,0.09,0.05,0.15,0.17,0.41,-31.60
367.00,0.07,0.09,0.04,0.15,0.16,0.44,-29.10
368.00,0.08,0.09,0.05,0.15,0.17,0.40,-33.80
369.00,0.10,0.10,0.07,0.15,0.19,0.31,-38.80
370.00,0.07,0.09,0.05,0.15,0.18,0.39,-36.60
371.00,0.07,0.10,0.04,0.15,0.17,0.42,-34.10
372.00,0.08,0.09,0.05,0.15,0.17,0.40,-34.00
373.00,0.07,0.10,0.04,0.15,0.17,0.42,-34.00
374.00,0.08,0.09,0.05,0.15,0.17,0.41,-31.60
375.00,0.07,0.09,0.03,0.15,0.16,0.44,-29.10
376.00,0.08,0.09,0.05,0.15,0.17,0.41,-31.40
377.00,0.07,0.10,0.04,0.15,0.17,0.42,-33.90
378.00,0.08,0.09,0.05,0.15,0.17,0.40,-34.00
379.00,0.07,0.10,0.04,0.15,0.17,0.42,-34.00
380.00,0.07,0.09,0.05,0.15,0.18,0.39,-36.40
381.00,0.07,0.10,0.06,0.16,0.18,0.37,-38.90
382.00,0.07,0.11,0.07,0.17,0.20,0.32,-62.10
383.00,0.07,0.13,0.10,0.18,0.22,0.28,-86.10
384.00,0.07,0.12,0.08,0.17,0.20,0.32,-63.90
385.00,0.07,0.10,0.04,0.15,0.17,0.41,-39.90
386.00,0.07,0.09,0.06,0.16,0.18,0.38,-41.40
387.00,0.07,0.10,0.05,0.16,0.18,0.38,-43.90
388.00,0.07,0.10,0.06,0.16,0.19,0.36,-48.80
389.00,0.07,0.11,0.06,0.17,0.19,0.34,-53.80
390.00,0.07,0.10,0.06,0.17,0.19,0.35,-51.60
391.00,0.07,0.11,0.06,0.17,0.19,0.36,-49.10
392.00,0.07,0.10,0.06,0.17,0.19,0.35,-51.40
393.00,0.07,0.11,0.07,0.17,0.19,0.34,-53.90
394.00,0.07,0.11,0.07,0.17,0.19,0.34,-54.00
395.00,0.07,0.11,0.06,0.17,0.19,0.34,-54.00
396.00,0.07,0.10,0.06,0.17,0.19,0.35,-51.60
397.00,0.07,0.10,0.06,0.17,0.18,0.36,-49.10
398.00,0.07,0.10,0.06,0.16,0.18,0.36,-46.60
399.00,0.07,0.10,0.05,0.16,0.18,0.38,-44.10
400.00,0.07,0.10,0.06,0.16,0.18,0.36,-46.40
401.00,0.07,0.10,0.05,0.16,0.18,0.39,-48.90
402.00,0.07,0.10,0.06,0.16,0.19,0.36,-49.00
403.00,0.07,0.11,0.06,0.17,0.19,0.36,-49.00
404.00,0.07,0.10,0.06,0.16,0.19,0.36,-49.00
405.00,0.07,0.11,0.06,0.17,0.19,0.36,-49.00
406.00,0.07,0.10,0.06,0.17,0.19,0.35,-51.40
407.00,0.07,0.11,0.06,0.17,0.19,0.34,-53.90
408.00,0.07,0.10,0.06,0.17,0.19,0.35,-51.60
409.00,0.07,0.10,0.06,0.17,0.18,0.36,-49.10
410.00,0.07,0.10,0.06,0.16,0.18,0.36,-46.60
411.00,0.07,0.10,0.05,0.16,0.18,0.38,-44.10
412.00,0.07,0.10,0.06,0.16,0.18,0.38,-41.60
413.00,0.07,0.10,0.05,0.16,0.17,0.40,-39.10
414.00,0.07,0.09,0.05,0.15,0.18,0.39,-39.00
415.00,0.07,0.10,0.04,0.16,0.17,0.40,-39.00
416.00,0.07,0.09,0.05,0.15,0.18,0.39,-36.60
417.00,0.07,0.09,0.03,0.15,0.16,0.44,-34.10
418.00,0.07,0.09,0.05,0.15,0.18,0.39,-36.40
419.00,0.07,0.10,0.05,0.16,0.17,0.40,-38.90
420.00,0.07,0.09,0.05,0.15,0.18,0.39,-39.00
421.00,0.07,0.10,0.04,0.16,0.17,0.40,-39.00
422.00,0.07,0.09,0.05,0.15,0.18,0.39,-36.60
423.00,0.07,0.10,0.04,0.15,0.17,0.42,-34.10
424.00,0.07,0.09,0.05,0.15,0.18,0.39,-36.40
425.00,0.07,0.10,0.05,0.16,0.17,0.40,-38.90
426.00,0.07,0.09,0.05,0.15,0.18,0.39,-39.00
427.00,0.07,0.10,0.04,0.16,0.17,0.40,-39.00
428.00,0.07,0.09,0.05,0.15,0.18,0.39,-36.60
429.00,0.07,0.10,0.04,0.15,0.17,0.42,-34.10
430.00,0.07,0.09,0.05,0.15,0.18,0.39,-36.40
431.00,0.07,0.10,0.04,0.16,0.17,0.40,-38.90
432.00,0.07,0.09,0.05,0.15,0.17,0.40,-34.20
433.00,0.07,0.09,0.03,0.15,0.16,0.44,-29.20
434.00,0.08,0.09,0.05,0.15,0.17,0.40,-33.80
435.00,0.07,0.10,0.04,0.16,0.17,0.40,-38.80
436.00,0.07,0.09,0.05,0.15,0.18,0.39,-36.60
437.00,0.07,0.10,0.04,0.15,0.17,0.42,-34.10
438.00,0.07,0.09,0.05,0.15,0.18,0.39,-36.40
439.00,0.07,0.10,0.05,0.16,0.17,0.40,-38.90
440.00,0.07,0.09,0.05,0.15,0.18,0.39,-39.00
441.00,0.07,0.10,0.05,0.16,0.17,0.40,-39.00
442.00,0.07,0.09,0.06,0.16,0.18,0.38,-41.40
443.00,0.07,0.10,0.05,0.16,0.18,0.38,-43.90
444.00,0.07,0.10,0.06,0.16,0.18,0.37,-44.00
445.00,0.07,0.10,0.05,0.16,0.18,0.38,-44.00
446.00,0.07,0.10,0.06,0.16,0.18,0.37,-44.00
447.00,0.07,0.10,0.05,0.16,0.18,0.38,-44.00
448.00,0.07,0.10,0.06,0.16,0.18,0.38,-41.60
449.00,0.07,0.09,0.04,0.15,0.17,0.43,-39.10
450.00,0.07,0.09,0.05,0.15,0.18,0.39,-39.00
451.00,0.07,0.10,0.05,0.16,0.17,0.40,-39.00
452.00,0.07,0.09,0.06,0.16,0.18,0.38,-41.40
453.00,0.07,0.10,0.05,0.16,0.18,0.38,-43.90
454.00,0.07,0.10,0.06,0.16,0.18,0.37,-44.00
455.00,0.07,0.10,0.05,0.16,0.18,0.38,-44.00
456.00,0.07,0.10,0.06,0.16,0.18,0.38,-41.60
457.00,0.07,0.10,0.04,0.16,0.17,0.40,-39.10
458.00,0.07,0.09,0.05,0.15,0.18,0.39,-36.60
459.00,0.07,0.10,0.04,0.15,0.17,0.42,-34.10
460.00,0.08,0.09,0.05,0.15,0.17,0.40,-34.00
461.00,0.07,0.10,0.04,0.15,0.17,0.42,-34.00
462.00,0.07,0.09,0.05,0.15,0.18,0.39,-36.40
463.00,0.07,0.10,0.04,0.16,0.17,0.40,-38.90
464.00,0.07,0.09,0.05,0.15,0.18,0.39,-36.60
465.00,0.07,0.09,0.03,0.15,0.16,0.45,-34.10
466.00,0.08,0.09,0.05,0.15,0.17,0.41,-31.60
467.00,0.07,0.09,0.03,0.15,0.16,0.44,-29.10
468.00,0.08,0.09,0.05,0.15,0.17,0.41,-31.40
469.00,0.07,0.10,0.04,0.15,0.17,0.42,-33.90
470.00,0.08,0.09,0.05,0.15,0.17,0.40,-34.00
471.00,0.07,0.10,0.04,0.15,0.17,0.42,-34.00
472.00,0.08,0.09,0.05,0.15,0.17,0.40,-34.00
473.00,0.07,0.10,0.04,0.15,0.17,0.42,-34.00
474.00,0.08,0.09,0.05,0.15,0.17,0.41,-31.60
475.00,0.07,0.10,0.03,0.15,0.16,0.44,-29.10
476.00,0.08,0.09,0.05,0.15,0.17,0.42,-29.00
477.00,0.07,0.10,0.03,0.15,0.16,0.44,-29.00
478.00,0.08,0.09,0.05,0.15,0.17,0.42,-29.00
479.00,0.07,0.10,0.03,0.15,0.16,0.44,-29.00
480.00,0.08,0.08,0.04,0.14,0.17,0.42,-26.60
481.00,0.16,0.08,0.11,0.11,0.18,0.23,-24.10
482.00,0.08,0.08,0.04,0.14,0.17,0.45,-17.30
483.00,0.09,0.07,0.02,0.13,0.17,0.49,-10.30
484.00,0.09,0.06,0.03,0.12,0.17,0.50,-5.20
485.00,0.10,0.06,0.03,0.12,0.19,0.45,-0.20
486.00,0.10,0.06,0.03,0.12,0.18,0.47,11.40
487.00,0.12,0.05,0.04,0.11,0.21,0.43,23.40
488.00,0.13,0.04,0.04,0.11,0.23,0.40,35.90
489.00,0.15,0.04,0.04,0.11,0.26,0.36,48.40
490.00,0.17,0.04,0.04,0.11,0.27,0.35,55.70
491.00,0.18,0.03,0.04,0.11,0.27,0.33,62.70
492.00,0.20,0.03,0.04,0.11,0.29,0.31,70.10
493.00,0.22,0.02,0.05,0.10,0.29,0.28,77.60
494.00,0.25,0.02,0.05,0.10,0.31,0.25,89.40
495.00,0.27,0.01,0.05,0.08,0.31,0.22,101.40
496.00,0.30,0.01,0.05,0.08,0.33,0.19,111.50
497.00,0.29,0.01,0.04,0.09,0.33,0.22,121.50
498.00,0.31,0.01,0.06,0.07,0.34,0.16,126.80
499.00,0.31,0.01,0.06,0.06,0.34,0.16,131.80
500.00,0.32,0.01,0.07,0.06,0.35,0.15,138.70
501.00,0.32,0.01,0.07,0.06,0.35,0.14,145.60
502.00,0.32,0.01,0.07,0.06,0.35,0.14,146.00
503.00,0.32,0.01,0.07,0.06,0.35,0.14,146.00
504.00,0.32,0.01,0.07,0.06,0.35,0.15,143.60
505.00,0.32,0.01,0.07,0.06,0.35,0.15,141.10
506.00,0.32,0.01,0.07,0.06,0.34,0.15,136.70
507.00,0.31,0.01,0.06,0.06,0.34,0.16,132.20
508.00,0.31,0.01,0.06,0.07,0.34,0.16,129.60
509.00,0.31,0.01,0.06,0.07,0.34,0.17,127.10
510.00,0.31,0.01,0.06,0.07,0.34,0.17,119.90
511.00,0.29,0.01,0.06,0.08,0.32,0.19,112.40
512.00,0.29,0.01,0.05,0.08,0.32,0.20,107.30
513.00,0.07,0.00,0.68,0.02,0.12,0.03,102.30
514.00,0.25,0.02,0.05,0.10,0.30,0.25,88.20
515.00,0.21,0.02,0.04,0.10,0.29,0.29,73.70
516.00,0.13,0.04,0.04,0.11,0.23,0.40,36.00
517.00,0.07,0.06,0.25,0.12,0.20,0.21,-3.00
518.00,0.07,0.10,0.06,0.17,0.19,0.35,-51.00
519.00,0.06,0.13,0.11,0.18,0.22,0.27,-99.50
520.00,0.06,0.12,0.13,0.18,0.23,0.24,-150.40
521.00,0.06,0.10,0.20,0.16,0.24,0.19,-201.30
522.00,0.05,0.10,0.23,0.14,0.25,0.17,-259.50
523.00,0.05,0.09,0.30,0.12,0.25,0.13,-317.90
524.00,0.05,0.08,0.31,0.11,0.25,0.12,-360.30
525.00,0.05,0.07,0.37,0.10,0.25,0.09,-401.80
526.00,0.05,0.07,0.37,0.10,0.26,0.10,-436.20
527.00,0.05,0.07,0.42,0.09,0.25,0.08,-470.20
528.00,0.05,0.07,0.41,0.09,0.26,0.09,-492.80
529.00,0.06,0.04,0.61,0.05,0.20,0.07,-514.80
530.00,0.05,0.06,0.44,0.09,0.26,0.08,-546.30
531.00,0.05,0.06,0.52,0.08,0.26,0.06,-578.30
532.00,0.05,0.06,0.48,0.08,0.27,0.07,-605.10
533.00,0.04,0.05,0.56,0.07,0.26,0.06,-631.60
534.00,0.05,0.06,0.52,0.08,0.27,0.06,-651.90
535.00,0.04,0.05,0.59,0.07,0.26,0.05,-671.90
536.00,0.05,0.05,0.54,0.08,0.27,0.06,-689.10
537.00,0.04,0.05,0.61,0.07,0.27,0.05,-706.10
538.00,0.05,0.05,0.55,0.07,0.27,0.06,-709.40
539.00,0.04,0.04,0.62,0.07,0.27,0.05,-711.90
540.00,0.05,0.05,0.55,0.07,0.27,0.06,-707.30
541.00,0.04,0.05,0.61,0.07,0.27,0.05,-702.30
542.00,0.05,0.05,0.54,0.07,0.27,0.06,-694.90
543.00,0.04,0.05,0.60,0.07,0.26,0.05,-687.40
544.00,0.05,0.06,0.53,0.08,0.27,0.06,-680.40
545.00,0.05,0.05,0.49,0.07,0.24,0.07,-673.40
546.00,0.05,0.06,0.53,0.08,0.27,0.06,-668.30
547.00,0.04,0.05,0.58,0.07,0.26,0.05,-663.30
548.00,0.05,0.06,0.51,0.08,0.27,0.06,-648.80
549.00,0.04,0.05,0.55,0.07,0.26,0.06,-633.80
550.00,0.05,0.06,0.50,0.08,0.27,0.07,-621.70
551.00,0.05,0.05,0.54,0.08,0.26,0.06,-609.70
552.00,0.05,0.06,0.47,0.08,0.27,0.07,-590.60
553.00,0.05,0.06,0.50,0.08,0.26,0.06,-571.10
554.00,0.05,0.06,0.45,0.09,0.26,0.08,-553.90
555.00,0.05,0.06,0.48,0.08,0.26,0.07,-536.90
556.00,0.05,0.07,0.43,0.09,0.26,0.08,-524.20
557.00,0.05,0.06,0.45,0.08,0.25,0.07,-511.70
558.00,0.05,0.07,0.41,0.09,0.26,0.09,-499.70
559.00,0.05,0.07,0.43,0.08,0.25,0.08,-487.70
560.00,0.05,0.07,0.39,0.09,0.26,0.09,-471.00
561.00,0.06,0.07,0.33,0.10,0.24,0.10,-454.00
562.00,0.05,0.07,0.37,0.10,0.26,0.10,-439.30
563.00,0.05,0.07,0.38,0.09,0.25,0.09,-424.80
564.00,0.05,0.08,0.35,0.10,0.25,0.11,-407.50
565.00,0.05,0.08,0.35,0.10,0.25,0.10,-390.00
566.00,0.05,0.08,0.32,0.11,0.25,0.12,-373.00
567.00,0.05,0.08,0.32,0.11,0.25,0.12,-356.00
568.00,0.05,0.09,0.30,0.12,0.25,0.13,-339.00
569.00,0.05,0.09,0.29,0.12,0.25,0.13,-322.00
570.00,0.05,0.09,0.27,0.13,0.25,0.14,-305.00
571.00,0.05,0.09,0.26,0.13,0.25,0.15,-288.00
572.00,0.05,0.10,0.24,0.14,0.25,0.16,-268.60
573.00,0.05,0.10,0.23,0.14,0.25,0.17,-249.10
574.00,0.06,0.10,0.21,0.15,0.24,0.18,-232.00
575.00,0.06,0.10,0.20,0.16,0.24,0.19,-215.00
576.00,0.06,0.11,0.18,0.16,0.24,0.21,-198.00
577.00,0.06,0.12,0.12,0.18,0.22,0.25,-181.00
578.00,0.06,0.11,0.15,0.18,0.23,0.23,-165.90
579.00,0.06,0.12,0.13,0.18,0.23,0.24,-150.90
580.00,0.06,0.12,0.12,0.18,0.23,0.25,-134.00
581.00,0.06,0.13,0.11,0.18,0.22,0.26,-117.00
582.00,0.07,0.13,0.11,0.18,0.22,0.27,-102.30
583.00,0.07,0.13,0.10,0.18,0.22,0.28,-87.80
584.00,0.07,0.12,0.09,0.18,0.21,0.30,-73.80
585.00,0.07,0.12,0.07,0.17,0.20,0.33,-59.80
586.00,0.07,0.10,0.06,0.16,0.18,0.36,-47.20
587.00,0.07,0.10,0.04,0.15,0.17,0.42,-34.70
588.00,0.08,0.08,0.04,0.14,0.17,0.43,-25.10
589.00,0.07,0.09,0.02,0.14,0.15,0.49,-15.60
590.00,0.08,0.08,0.04,0.14,0.17,0.46,-15.00
591.00,0.07,0.09,0.02,0.14,0.15,0.49,-15.00
592.00,0.08,0.08,0.04,0.13,0.17,0.46,-12.60
593.00,0.08,0.07,0.01,0.12,0.16,0.53,-10.10
594.00,0.09,0.07,0.03,0.12,0.17,0.49,-7.60
595.00,0.09,0.07,0.01,0.12,0.16,0.52,-5.10
596.00,0.09,0.06,0.03,0.12,0.17,0.50,-2.60
597.00,0.09,0.06,0.01,0.11,0.17,0.51,-0.10
598.00,0.10,0.06,0.03,0.12,0.18,0.49,2.40
599.00,0.09,0.06,0.01,0.11,0.17,0.52,4.90
600.00,0.10,0.06,0.03,0.12,0.18,0.49,5.00
601.00,0.09,0.06,0.01,0.11,0.17,0.52,5.00
602.00,0.10,0.06,0.03,0.12,0.18,0.49,5.00
603.00,0.10,0.06,0.02,0.11,0.17,0.51,5.00
604.00,0.10,0.06,0.03,0.12,0.18,0.48,9.70
605.00,0.11,0.06,0.02,0.12,0.19,0.47,14.70
606.00,0.11,0.05,0.03,0.12,0.19,0.46,15.00
607.00,0.11,0.06,0.02,0.12,0.19,0.47,15.00
608.00,0.10,0.06,0.03,0.12,0.19,0.47,12.70
609.00,0.09,0.06,0.02,0.12,0.17,0.49,10.20
610.00,0.11,0.05,0.03,0.12,0.19,0.46,14.20
611.00,0.11,0.05,0.03,0.12,0.20,0.46,18.70
612.00,0.11,0.05,0.04,0.12,0.19,0.45,19.00
613.00,0.11,0.05,0.03,0.12,0.20,0.46,19.00
614.00,0.11,0.05,0.04,0.12,0.19,0.45,19.00
615.00,0.11,0.05,0.03,0.12,0.20,0.45,19.00
616.00,0.11,0.05,0.04,0.12,0.20,0.44,21.30
617.00,0.12,0.05,0.03,0.12,0.20,0.44,23.80
618.00,0.11,0.05,0.04,0.12,0.20,0.43,24.00
619.00,0.12,0.05,0.03,0.12,0.21,0.44,24.00
620.00,0.12,0.05,0.04,0.11,0.21,0.42,28.70
621.00,0.13,0.05,0.03,0.12,0.23,0.41,33.70
622.00,0.13,0.05,0.04,0.11,0.22,0.41,31.70
623.00,0.12,0.05,0.03,0.12,0.22,0.43,29.20
624.00,0.12,0.05,0.04,0.12,0.21,0.43,26.70
625.00,0.11,0.06,0.02,0.12,0.19,0.46,24.20
626.00,0.11,0.05,0.04,0.12,0.20,0.44,21.70
627.00,0.11,0.05,0.03,0.12,0.20,0.45,19.20
628.00,0.11,0.05,0.04,0.12,0.20,0.44,21.30
629.00,0.12,0.05,0.03,0.12,0.21,0.44,23.80
630.00,0.12,0.05,0.04,0.12,0.20,0.43,26.30
631.00,0.12,0.05,0.03,0.12,0.21,0.43,28.80
632.00,0.12,0.05,0.04,0.11,0.21,0.42,29.00
633.00,0.12,0.05,0.03,0.12,0.21,0.43,29.00
634.00,0.12,0.05,0.04,0.12,0.21,0.43,26.70
635.00,0.12,0.05,0.03,0.12,0.21,0.44,24.20
636.00,0.12,0.05,0.04,0.12,0.20,0.43,26.30
637.00,0.12,0.05,0.03,0.12,0.21,0.43,28.80
638.00,0.12,0.05,0.04,0.11,0.21,0.42,29.00
639.00,0.12,0.05,0.03,0.12,0.21,0.43,29.00
640.00,0.12,0.05,0.04,0.11,0.21,0.42,29.00
641.00,0.12,0.05,0.04,0.12,0.21,0.42,29.00
642.00,0.10,0.06,0.03,0.12,0.18,0.49,6.10
643.00,0.08,0.08,0.04,0.14,0.17,0.43,-18.40
644.00,0.09,0.07,0.03,0.12,0.17,0.49,-6.00
645.00,0.11,0.05,0.04,0.12,0.20,0.45,9.00
646.00,0.12,0.05,0.04,0.12,0.20,0.43,25.90
647.00,0.14,0.04,0.04,0.12,0.25,0.39,42.90
648.00,0.13,0.04,0.04,0.11,0.22,0.40,34.60
649.00,0.12,0.05,0.03,0.12,0.21,0.44,24.60
650.00,0.12,0.05,0.04,0.12,0.20,0.43,26.30
651.00,0.12,0.05,0.03,0.12,0.22,0.43,28.80
652.00,0.11,0.05,0.04,0.12,0.20,0.43,24.30
653.00,0.11,0.05,0.03,0.12,0.20,0.45,19.30
654.00,0.11,0.05,0.04,0.12,0.20,0.44,21.30
655.00,0.12,0.05,0.03,0.12,0.20,0.44,23.80
656.00,0.11,0.05,0.04,0.12,0.20,0.43,24.00
657.00,0.11,0.06,0.03,0.12,0.20,0.44,24.00
658.00,0.11,0.05,0.04,0.12,0.20,0.44,21.70
659.00,0.11,0.05,0.03,0.12,0.20,0.45,19.20
660.00,0.11,0.05,0.04,0.12,0.20,0.44,21.30
661.00,0.12,0.05,0.03,0.12,0.21,0.44,23.80
662.00,0.12,0.05,0.04,0.11,0.21,0.42,28.70
663.00,0.13,0.04,0.04,0.12,0.23,0.41,33.70
664.00,0.13,0.04,0.04,0.11,0.23,0.40,36.30
665.00,0.14,0.04,0.04,0.12,0.24,0.40,38.80
666.00,0.14,0.04,0.04,0.11,0.24,0.39,41.30
667.00,0.14,0.04,0.04,0.12,0.25,0.39,43.80
668.00,0.15,0.04,0.04,0.11,0.25,0.38,44.00
669.00,0.15,0.04,0.04,0.11,0.25,0.38,44.00
670.00,0.15,0.04,0.04,0.11,0.26,0.37,48.70
671.00,0.16,0.04,0.04,0.11,0.27,0.36,53.70
672.00,0.16,0.04,0.04,0.11,0.26,0.36,54.00
673.00,0.14,0.04,0.04,0.12,0.25,0.38,54.00
674.00,0.16,0.04,0.04,0.11,0.26,0.36,54.00
675.00,0.16,0.04,0.04,0.11,0.27,0.35,54.00
676.00,0.17,0.04,0.04,0.11,0.27,0.35,56.30
677.00,0.17,0.03,0.04,0.11,0.27,0.34,58.80
678.00,0.17,0.03,0.04,0.11,0.27,0.34,59.00
679.00,0.17,0.03,0.04,0.11,0.27,0.34,59.00
680.00,0.18,0.03,0.04,0.11,0.27,0.34,60.90
681.00,0.18,0.03,0.04,0.11,0.27,0.33,62.90
682.00,0.20,0.03,0.04,0.11,0.28,0.32,67.70
683.00,0.21,0.02,0.04,0.10,0.29,0.30,72.70
684.00,0.21,0.03,0.04,0.11,0.29,0.30,73.00
685.00,0.21,0.02,0.04,0.10,0.29,0.30,73.00
686.00,0.21,0.03,0.04,0.11,0.29,0.31,70.70
687.00,0.19,0.03,0.04,0.11,0.28,0.31,68.20
688.00,0.21,0.03,0.04,0.11,0.29,0.31,70.30
689.00,0.24,0.02,0.03,0.10,0.29,0.28,72.80
690.00,0.22,0.03,0.04,0.11,0.29,0.29,75.30
691.00,0.22,0.02,0.05,0.10,0.29,0.28,77.80
692.00,0.23,0.02,0.04,0.10,0.30,0.27,82.70
693.00,0.24,0.01,0.05,0.10,0.30,0.26,87.70
694.00,0.25,0.02,0.05,0.10,0.31,0.25,90.30
695.00,0.25,0.01,0.05,0.09,0.30,0.24,92.80
696.00,0.27,0.01,0.05,0.09,0.32,0.22,99.50
697.00,0.28,0.01,0.06,0.08,0.32,0.21,106.50
698.00,0.30,0.01,0.06,0.08,0.33,0.19,114.00
699.00,0.30,0.01,0.06,0.07,0.33,0.18,121.50
700.00,0.31,0.01,0.06,0.07,0.33,0.17,119.70
701.00,0.30,0.01,0.06,0.07,0.33,0.18,117.20
702.00,0.31,0.01,0.06,0.07,0.33,0.18,119.30
703.00,0.30,0.01,0.06,0.07,0.33,0.18,121.80
704.00,0.31,0.01,0.06,0.07,0.34,0.16,126.60
705.00,0.31,0.01,0.05,0.08,0.34,0.19,131.60
706.00,0.32,0.01,0.07,0.07,0.34,0.16,134.30
707.00,0.32,0.01,0.06,0.06,0.34,0.15,136.80
708.00,0.32,0.01,0.07,0.06,0.35,0.15,141.20
709.00,0.32,0.01,0.07,0.06,0.35,0.14,145.70
710.00,0.32,0.01,0.07,0.06,0.35,0.15,143.70
711.00,0.32,0.01,0.07,0.06,0.35,0.15,141.20
712.00,0.32,0.01,0.07,0.06,0.35,0.14,145.60
713.00,0.32,0.01,0.07,0.06,0.35,0.14,150.60
714.00,0.32,0.01,0.07,0.06,0.35,0.14,153.30
715.00,0.32,0.01,0.07,0.06,0.35,0.13,155.80
716.00,0.32,0.01,0.08,0.06,0.35,0.13,156.00
717.00,0.32,0.01,0.07,0.06,0.35,0.13,156.00
718.00,0.32,0.01,0.08,0.06,0.35,0.13,158.30
719.00,0.33,0.01,0.07,0.06,0.36,0.13,160.80
720.00,0.33,0.01,0.08,0.06,0.35,0.13,161.00
721.00,0.34,0.01,0.06,0.06,0.36,0.14,161.00
722.00,0.33,0.01,0.08,0.06,0.35,0.13,161.00
723.00,0.33,0.01,0.07,0.06,0.36,0.13,161.00
724.00,0.33,0.01,0.08,0.06,0.35,0.13,161.00
725.00,0.33,0.01,0.08,0.05,0.36,0.13,161.00
726.00,0.33,0.01,0.08,0.05,0.36,0.12,170.30
727.00,0.33,0.01,0.08,0.05,0.37,0.11,180.30
728.00,0.33,0.01,0.09,0.05,0.36,0.11,182.90
729.00,0.33,0.01,0.09,0.05,0.37,0.11,184.90
730.00,0.33,0.01,0.09,0.05,0.36,0.11,187.30
731.00,0.33,0.01,0.09,0.05,0.37,0.11,189.80
732.00,0.33,0.01,0.10,0.05,0.36,0.11,194.60
733.00,0.33,0.01,0.09,0.05,0.37,0.10,199.60
734.00,0.33,0.01,0.10,0.05,0.37,0.10,202.30
735.00,0.33,0.01,0.09,0.05,0.37,0.10,204.80
736.00,0.33,0.01,0.10,0.05,0.37,0.10,207.30
737.00,0.34,0.01,0.08,0.05,0.37,0.12,209.80
738.00,0.33,0.01,0.10,0.05,0.37,0.10,212.30
739.00,0.33,0.00,0.10,0.05,0.37,0.10,214.80
740.00,0.33,0.01,0.10,0.05,0.37,0.10,215.00
741.00,0.33,0.00,0.10,0.05,0.37,0.10,215.00
742.00,0.33,0.01,0.10,0.05,0.37,0.10,215.00
743.00,0.33,0.00,0.10,0.05,0.37,0.10,215.00
744.00,0.33,0.01,0.10,0.05,0.37,0.10,215.00
745.00,0.33,0.00,0.10,0.05,0.37,0.10,215.00
746.00,0.33,0.01,0.10,0.05,0.37,0.10,215.00
747.00,0.33,0.00,0.10,0.05,0.37,0.10,215.00
748.00,0.33,0.01,0.10,0.05,0.37,0.10,212.70
749.00,0.33,0.00,0.10,0.05,0.37,0.10,210.20
750.00,0.33,0.01,0.10,0.05,0.37,0.10,210.00
751.00,0.33,0.00,0.10,0.05,0.37,0.10,210.00
752.00,0.33,0.01,0.10,0.05,0.37,0.10,210.00
753.00,0.34,0.01,0.08,0.05,0.37,0.12,210.00
754.00,0.33,0.01,0.10,0.05,0.37,0.10,212.30
755.00,0.33,0.00,0.10,0.05,0.37,0.10,214.80
756.00,0.33,0.01,0.10,0.05,0.37,0.10,212.70
757.00,0.33,0.00,0.10,0.05,0.37,0.10,210.20
758.00,0.33,0.01,0.10,0.05,0.37,0.10,207.70
759.00,0.33,0.01,0.09,0.05,0.37,0.10,205.20
760.00,0.33,0.01,0.10,0.05,0.37,0.10,205.00
761.00,0.33,0.01,0.09,0.05,0.37,0.10,205.00
762.00,0.33,0.01,0.10,0.05,0.37,0.10,207.30
763.00,0.33,0.00,0.10,0.05,0.37,0.10,209.80
764.00,0.33,0.01,0.10,0.05,0.37,0.10,210.00
765.00,0.33,0.00,0.10,0.05,0.37,0.10,210.00
766.00,0.33,0.01,0.10,0.05,0.37,0.10,210.00
767.00,0.33,0.00,0.10,0.05,0.37,0.10,210.00
768.00,0.33,0.01,0.10,0.05,0.37,0.10,207.70
769.00,0.34,0.01,0.08,0.05,0.37,0.12,205.20
770.00,0.33,0.01,0.10,0.05,0.37,0.10,202.70
771.00,0.33,0.01,0.09,0.05,0.37,0.10,200.20
772.00,0.33,0.01,0.10,0.05,0.37,0.11,200.00
773.00,0.33,0.01,0.09,0.05,0.37,0.10,200.00
774.00,0.33,0.01,0.10,0.05,0.37,0.11,200.00
775.00,0.33,0.01,0.09,0.05,0.37,0.10,200.00
776.00,0.33,0.01,0.10,0.05,0.37,0.11,197.70
777.00,0.33,0.01,0.09,0.05,0.37,0.10,195.20
778.00,0.33,0.01,0.09,0.05,0.36,0.11,190.40
779.00,0.33,0.01,0.09,0.05,0.37,0.11,185.40
780.00,0.33,0.01,0.09,0.05,0.36,0.11,183.20
781.00,0.33,0.01,0.08,0.05,0.37,0.11,181.20
782.00,0.33,0.01,0.09,0.05,0.36,0.12,181.00
783.00,0.33,0.01,0.08,0.05,0.37,0.11,181.00
784.00,0.33,0.01,0.08,0.05,0.36,0.12,174.10
785.00,0.33,0.01,0.06,0.06,0.36,0.15,166.60
786.00,0.33,0.01,0.08,0.06,0.36,0.13,163.70
787.00,0.33,0.01,0.07,0.06,0.36,0.13,161.20
788.00,0.32,0.01,0.08,0.06,0.35,0.13,156.40
789.00,0.32,0.01,0.07,0.06,0.35,0.14,151.40
790.00,0.32,0.01,0.07,0.06,0.35,0.14,151.00
791.00,0.32,0.01,0.07,0.06,0.35,0.14,151.00
792.00,0.32,0.01,0.07,0.06,0.35,0.14,148.70
793.00,0.32,0.01,0.07,0.06,0.35,0.14,146.20
794.00,0.32,0.01,0.07,0.06,0.35,0.15,141.90
795.00,0.32,0.01,0.06,0.06,0.34,0.15,137.40
796.00,0.32,0.01,0.07,0.07,0.34,0.15,134.70
797.00,0.31,0.01,0.06,0.06,0.34,0.16,132.20
798.00,0.31,0.01,0.06,0.07,0.34,0.16,129.70
799.00,0.31,0.01,0.06,0.07,0.34,0.17,127.20
800.00,0.31,0.01,0.06,0.07,0.34,0.17,122.40
801.00,0.27,0.01,0.04,0.09,0.32,0.23,117.40
802.00,0.29,0.01,0.05,0.08,0.33,0.19,110.10
803.00,0.27,0.01,0.05,0.08,0.31,0.22,102.60
804.00,0.28,0.01,0.05,0.09,0.32,0.22,102.00
805.00,0.27,0.01,0.05,0.08,0.31,0.22,102.00
806.00,0.27,0.01,0.05,0.09,0.31,0.23,97.90
807.00,0.25,0.01,0.05,0.09,0.31,0.24,93.40
808.00,0.25,0.02,0.05,0.10,0.31,0.25,90.70
809.00,0.24,0.01,0.05,0.10,0.30,0.25,88.20
810.00,0.23,0.02,0.04,0.10,0.30,0.28,81.10
811.00,0.21,0.02,0.04,0.10,0.29,0.30,73.60
812.00,0.21,0.03,0.04,0.11,0.29,0.30,73.00
813.00,0.21,0.02,0.04,0.10,0.29,0.30,73.00
814.00,0.21,0.03,0.04,0.11,0.29,0.31,70.70
815.00,0.19,0.03,0.04,0.11,0.28,0.31,68.20
816.00,0.19,0.03,0.04,0.11,0.28,0.32,65.70
817.00,0.16,0.04,0.04,0.11,0.26,0.36,63.20
818.00,0.18,0.03,0.04,0.11,0.28,0.34,61.20
819.00,0.17,0.03,0.04,0.11,0.27,0.34,59.20
820.00,0.17,0.04,0.04,0.11,0.27,0.35,56.70
821.00,0.16,0.04,0.04,0.11,0.27,0.36,54.20
822.00,0.16,0.04,0.04,0.11,0.26,0.36,54.00
823.00,0.16,0.04,0.04,0.11,0.27,0.36,54.00
824.00,0.15,0.04,0.04,0.11,0.26,0.37,49.40
825.00,0.15,0.04,0.04,0.12,0.25,0.38,44.40
826.00,0.14,0.04,0.04,0.11,0.24,0.38,41.70
827.00,0.14,0.04,0.03,0.12,0.24,0.40,39.20
828.00,0.14,0.04,0.04,0.11,0.23,0.39,39.00
829.00,0.14,0.04,0.03,0.12,0.24,0.40,39.00
830.00,0.13,0.04,0.04,0.11,0.23,0.40,36.70
831.00,0.13,0.05,0.03,0.12,0.23,0.41,34.20
832.00,0.13,0.05,0.04,0.11,0.22,0.41,31.70
833.00,0.12,0.05,0.03,0.12,0.20,0.44,29.20
834.00,0.12,0.05,0.04,0.12,0.21,0.43,26.70
835.00,0.12,0.05,0.03,0.12,0.20,0.44,24.20
836.00,0.11,0.05,0.04,0.12,0.20,0.44,21.70
837.00,0.11,0.05,0.03,0.12,0.20,0.45,19.20
838.00,0.11,0.05,0.04,0.12,0.20,0.44,21.30
839.00,0.12,0.05,0.03,0.12,0.21,0.44,23.80
840.00,0.11,0.05,0.04,0.12,0.19,0.44,19.90
841.00,0.11,0.05,0.02,0.12,0.19,0.46,15.40
842.00,0.11,0.05,0.04,0.12,0.19,0.45,16.80
843.00,0.11,0.05,0.03,0.12,0.20,0.45,18.80
844.00,0.11,0.05,0.03,0.12,0.19,0.46,14.90
845.00,0.10,0.06,0.02,0.12,0.18,0.49,10.40
846.00,0.10,0.06,0.03,0.12,0.18,0.49,3.10
847.00,0.09,0.07,0.01,0.12,0.16,0.53,-4.40
848.00,0.09,0.06,0.03,0.12,0.17,0.50,-5.00
849.00,0.09,0.07,0.01,0.12,0.16,0.53,-5.00
850.00,0.09,0.07,0.03,0.12,0.17,0.49,-7.30
851.00,0.08,0.08,0.02,0.13,0.16,0.50,-9.80
852.00,0.08,0.08,0.04,0.13,0.17,0.47,-12.30
853.00,0.07,0.09,0.02,0.14,0.15,0.49,-14.80
854.00,0.08,0.08,0.04,0.14,0.17,0.46,-15.00
855.00,0.07,0.09,0.02,0.14,0.15,0.49,-15.00
856.00,0.08,0.08,0.04,0.14,0.17,0.46,-15.00
857.00,0.07,0.09,0.02,0.14,0.15,0.49,-15.00
858.00,0.08,0.08,0.04,0.13,0.17,0.46,-12.70
859.00,0.09,0.07,0.02,0.13,0.17,0.50,-10.20
860.00,0.09,0.06,0.03,0.12,0.17,0.50,-5.40
861.00,0.09,0.06,0.02,0.12,0.17,0.51,-0.40
862.00,0.10,0.06,0.03,0.12,0.18,0.49,2.30
863.00,0.09,0.06,0.01,0.11,0.17,0.52,4.80
864.00,0.10,0.06,0.03,0.12,0.18,0.49,5.00
865.00,0.09,0.07,0.01,0.12,0.16,0.52,5.00
866.00,0.10,0.06,0.03,0.12,0.18,0.49,5.00
867.00,0.09,0.06,0.01,0.11,0.17,0.52,5.00
868.00,0.10,0.06,0.03,0.12,0.18,0.48,7.30
869.00,0.10,0.06,0.02,0.11,0.17,0.50,9.80
870.00,0.10,0.06,0.03,0.12,0.18,0.48,7.70
871.00,0.09,0.06,0.01,0.11,0.17,0.52,5.20
872.00,0.10,0.06,0.03,0.12,0.18,0.48,7.30
873.00,0.10,0.06,0.02,0.12,0.18,0.48,9.80
874.00,0.11,0.05,0.03,0.12,0.19,0.46,14.10
875.00,0.11,0.05,0.03,0.12,0.20,0.46,18.60
876.00,0.11,0.05,0.04,0.12,0.19,0.45,17.20
877.00,0.11,0.05,0.03,0.12,0.19,0.46,15.20
878.00,0.11,0.05,0.04,0.12,0.19,0.45,19.10
879.00,0.12,0.05,0.03,0.12,0.20,0.44,23.60
880.00,0.12,0.05,0.04,0.12,0.20,0.43,26.30
881.00,0.11,0.06,0.03,0.12,0.20,0.45,28.80
882.00,0.12,0.05,0.04,0.11,0.21,0.42,29.00
883.00,0.12,0.05,0.03,0.12,0.21,0.43,29.00
884.00,0.12,0.05,0.04,0.11,0.21,0.42,29.00
885.00,0.12,0.05,0.03,0.12,0.22,0.42,29.00
886.00,0.13,0.04,0.04,0.11,0.22,0.41,33.60
887.00,0.14,0.04,0.03,0.12,0.24,0.40,38.60
888.00,0.13,0.04,0.04,0.11,0.23,0.40,36.70
889.00,0.13,0.04,0.04,0.12,0.23,0.41,34.20
890.00,0.13,0.04,0.04,0.11,0.23,0.40,36.30
891.00,0.14,0.04,0.04,0.12,0.24,0.40,38.80
892.00,0.14,0.04,0.04,0.11,0.24,0.39,41.30
893.00,0.14,0.04,0.04,0.12,0.25,0.39,43.80
894.00,0.14,0.04,0.04,0.11,0.24,0.38,41.70
895.00,0.14,0.04,0.04,0.12,0.24,0.40,39.20
896.00,0.14,0.04,0.04,0.11,0.24,0.39,41.30
897.00,0.13,0.05,0.04,0.12,0.23,0.41,43.80
898.00,0.14,0.04,0.04,0.11,0.24,0.38,41.70
899.00,0.14,0.04,0.03,0.12,0.24,0.40,39.20
900.00,0.14,0.04,0.04,0.11,0.23,0.39,39.00
901.00,0.14,0.04,0.03,0.12,0.24,0.40,39.00
902.00,0.14,0.04,0.04,0.11,0.23,0.39,39.00
903.00,0.14,0.04,0.03,0.12,0.24,0.40,39.00
904.00,0.14,0.04,0.04,0.11,0.23,0.39,39.00
905.00,0.14,0.04,0.03,0.12,0.24,0.40,39.00
906.00,0.14,0.04,0.04,0.11,0.23,0.39,39.00
907.00,0.14,0.04,0.03,0.12,0.24,0.40,39.00
908.00,0.14,0.04,0.04,0.11,0.23,0.39,39.00
909.00,0.14,0.04,0.03,0.12,0.24,0.40,39.00
910.00,0.14,0.04,0.04,0.11,0.23,0.39,39.00
911.00,0.14,0.04,0.03,0.12,0.24,0.40,39.00
912.00,0.14,0.04,0.04,0.11,0.23,0.39,39.00
913.00,0.12,0.05,0.03,0.12,0.22,0.42,39.00
914.00,0.13,0.04,0.04,0.11,0.23,0.40,36.70
915.00,0.13,0.05,0.03,0.12,0.23,0.41,34.20
916.00,0.13,0.04,0.04,0.11,0.22,0.41,34.00
917.00,0.13,0.05,0.03,0.12,0.23,0.41,34.00
918.00,0.13,0.04,0.04,0.11,0.22,0.41,34.00
919.00,0.13,0.05,0.03,0.12,0.23,0.41,34.00
920.00,0.13,0.04,0.04,0.11,0.22,0.41,34.00
921.00,0.13,0.05,0.03,0.12,0.23,0.41,34.00
922.00,0.13,0.05,0.04,0.11,0.22,0.41,31.70
923.00,0.12,0.05,0.03,0.12,0.21,0.43,29.20
924.00,0.12,0.05,0.04,0.11,0.21,0.42,29.00
925.00,0.12,0.05,0.03,0.12,0.21,0.43,29.00
926.00,0.12,0.05,0.04,0.11,0.21,0.42,29.00
927.00,0.12,0.05,0.03,0.12,0.21,0.43,29.00
928.00,0.12,0.05,0.04,0.12,0.21,0.43,26.70
929.00,0.11,0.05,0.03,0.12,0.20,0.45,24.20
930.00,0.11,0.05,0.04,0.12,0.20,0.44,21.70
931.00,0.11,0.05,0.03,0.12,0.20,0.45,19.20
932.00,0.11,0.05,0.04,0.12,0.19,0.45,17.20
933.00,0.11,0.06,0.02,0.12,0.19,0.47,15.20
934.00,0.10,0.06,0.03,0.12,0.19,0.47,12.70
935.00,0.10,0.06,0.02,0.12,0.18,0.49,10.20
936.00,0.10,0.06,0.03,0.12,0.19,0.47,12.30
937.00,0.11,0.05,0.03,0.12,0.19,0.46,14.80
938.00,0.11,0.05,0.04,0.12,0.19,0.45,16.80
939.00,0.11,0.05,0.03,0.12,0.20,0.46,18.80
940.00,0.11,0.05,0.04,0.12,0.19,0.45,17.20
941.00,0.11,0.06,0.02,0.12,0.19,0.47,15.20
942.00,0.11,0.05,0.03,0.12,0.19,0.46,15.00
943.00,0.11,0.06,0.02,0.12,0.19,0.47,15.00
944.00,0.11,0.05,0.03,0.12,0.19,0.46,15.00
945.00,0.10,0.06,0.02,0.12,0.19,0.47,15.00
946.00,0.10,0.06,0.03,0.12,0.19,0.47,12.70
947.00,0.10,0.06,0.02,0.11,0.17,0.50,10.20
948.00,0.10,0.06,0.03,0.12,0.18,0.48,7.70
949.00,0.09,0.06,0.01,0.11,0.17,0.52,5.20
950.00,0.10,0.06,0.03,0.12,0.18,0.48,7.30
951.00,0.10,0.06,0.01,0.11,0.17,0.51,9.80
952.00,0.10,0.06,0.03,0.12,0.18,0.48,10.00
953.00,0.10,0.06,0.02,0.11,0.17,0.50,10.00
954.00,0.10,0.06,0.03,0.12,0.18,0.48,7.70
955.00,0.09,0.06,0.01,0.11,0.17,0.51,5.20
956.00,0.10,0.06,0.03,0.12,0.18,0.49,2.70
957.00,0.09,0.06,0.01,0.12,0.17,0.51,0.20
958.00,0.09,0.06,0.03,0.12,0.17,0.50,-2.30
959.00,0.09,0.07,0.01,0.12,0.16,0.53,-4.80
960.00,0.09,0.06,0.03,0.12,0.17,0.50,-5.00
961.00,0.09,0.07,0.01,0.12,0.16,0.53,-5.00
962.00,0.09,0.06,0.03,0.12,0.17,0.50,-5.00
963.00,0.09,0.07,0.01,0.12,0.16,0.52,-5.00
964.00,0.09,0.06,0.03,0.12,0.17,0.50,-2.70
965.00,0.09,0.06,0.02,0.12,0.17,0.51,-0.20
966.00,0.09,0.06,0.03,0.12,0.17,0.50,-2.30
967.00,0.09,0.07,0.01,0.12,0.16,0.53,-4.80
968.00,0.09,0.06,0.03,0.12,0.17,0.50,-5.00
969.00,0.09,0.07,0.01,0.12,0.16,0.53,-5.00
970.00,0.09,0.07,0.03,0.12,0.17,0.49,-7.30
971.00,0.09,0.07,0.02,0.12,0.16,0.50,-9.80
972.00,0.09,0.06,0.03,0.12,0.17,0.50,-5.50
973.00,0.09,0.06,0.01,0.12,0.17,0.51,-0.50
974.00,0.10,0.06,0.03,0.12,0.18,0.49,2.30
975.00,0.09,0.06,0.02,0.11,0.17,0.51,4.80
976.00,0.10,0.06,0.03,0.12,0.18,0.48,9.50
977.00,0.09,0.07,0.02,0.12,0.17,0.50,14.50
978.00,0.10,0.06,0.03,0.12,0.18,0.48,10.50
979.00,0.09,0.06,0.01,0.11,0.17,0.52,5.50
980.00,0.10,0.06,0.03,0.12,0.18,0.48,7.30
981.00,0.10,0.06,0.02,0.12,0.18,0.49,9.80
982.00,0.10,0.06,0.03,0.12,0.19,0.47,12.30
983.00,0.11,0.06,0.02,0.12,0.19,0.47,14.80
984.00,0.10,0.06,0.03,0.12,0.18,0.48,10.50
985.00,0.09,0.06,0.01,0.11,0.17,0.51,5.50
986.00,0.10,0.06,0.03,0.12,0.18,0.49,2.70
987.00,0.09,0.06,0.01,0.12,0.17,0.51,0.20
988.00,0.09,0.06,0.03,0.12,0.17,0.50,-2.30
989.00,0.09,0.07,0.01,0.12,0.17,0.52,-4.80
990.00,0.09,0.07,0.03,0.13,0.17,0.48,-9.50
991.00,0.07,0.09,0.02,0.14,0.15,0.49,-14.50
992.00,0.08,0.08,0.04,0.14,0.17,0.46,-15.00
993.00,0.07,0.09,0.02,0.14,0.15,0.50,-15.00
994.00,0.08,0.08,0.04,0.13,0.17,0.46,-12.70
995.00,0.08,0.08,0.01,0.13,0.16,0.51,-10.20
996.00,0.09,0.07,0.03,0.13,0.17,0.48,-10.00
997.00,0.08,0.08,0.02,0.13,0.16,0.51,-10.00
998.00,0.09,0.07,0.03,0.12,0.17,0.49,-7.70
999.00,0.09,0.07,0.01,0.12,0.16,0.53,-5.20
1000.00,0.09,0.06,0.03,0.12,0.17,0.50,-5.00
1001.00,0.09,0.07,0.01,0.12,0.16,0.53,-5.00
1002.00,0.09,0.06,0.03,0.12,0.17,0.50,-5.00
1003.00,0.09,0.07,0.01,0.12,0.16,0.53,-5.00
1004.00,0.09,0.06,0.03,0.12,0.17,0.50,-5.00
1005.00,0.09,0.07,0.01,0.12,0.17,0.52,-5.00
1006.00,0.09,0.07,0.03,0.13,0.17,0.48,-9.50
1007.00,0.07,0.09,0.02,0.14,0.15,0.49,-14.50
1008.00,0.08,0.08,0.04,0.14,0.17,0.46,-15.00
1009.00,0.07,0.09,0.02,0.14,0.15,0.49,-15.00
1010.00,0.08,0.08,0.04,0.14,0.17,0.46,-15.00
1011.00,0.07,0.09,0.02,0.14,0.16,0.49,-15.00
1012.00,0.08,0.08,0.04,0.14,0.17,0.45,-17.20
1013.00,0.07,0.09,0.03,0.14,0.16,0.47,-19.70
1014.00,0.08,0.08,0.04,0.14,0.17,0.44,-21.80
1015.00,0.07,0.09,0.03,0.15,0.16,0.46,-23.80
1016.00,0.08,0.08,0.04,0.14,0.17,0.43,-24.00
1017.00,0.07,0.09,0.03,0.15,0.16,0.46,-24.00
1018.00,0.08,0.08,0.04,0.14,0.17,0.43,-24.00
1019.00,0.07,0.09,0.03,0.15,0.16,0.46,-24.00
1020.00,0.08,0.08,0.04,0.14,0.17,0.43,-24.00
1021.00,0.07,0.09,0.03,0.15,0.16,0.46,-24.00
1022.00,0.08,0.08,0.04,0.14,0.17,0.42,-26.20
1023.00,0.07,0.09,0.03,0.15,0.16,0.44,-28.70
1024.00,0.08,0.09,0.05,0.15,0.17,0.41,-31.20
1025.00,0.07,0.09,0.03,0.15,0.16,0.45,-33.70
1026.00,0.08,0.09,0.05,0.15,0.17,0.40,-34.00
1027.00,0.07,0.10,0.04,0.15,0.17,0.42,-34.00
1028.00,0.08,0.09,0.05,0.15,0.17,0.41,-31.80
1029.00,0.07,0.10,0.03,0.15,0.16,0.44,-29.30
1030.00,0.08,0.08,0.04,0.14,0.17,0.42,-26.80
1031.00,0.07,0.09,0.03,0.15,0.16,0.46,-24.30
1032.00,0.08,0.08,0.04,0.14,0.17,0.43,-22.20
1033.00,0.07,0.09,0.03,0.14,0.16,0.48,-20.20
1034.00,0.08,0.08,0.04,0.14,0.17,0.44,-20.00
1035.00,0.07,0.09,0.03,0.14,0.16,0.48,-20.00
1036.00,0.08,0.08,0.04,0.14,0.17,0.44,-20.00
1037.00,0.07,0.09,0.03,0.14,0.16,0.47,-20.00
1038.00,0.08,0.08,0.04,0.14,0.17,0.43,-24.00
1039.00,0.07,0.09,0.03,0.15,0.16,0.44,-28.50
1040.00,0.08,0.09,0.05,0.15,0.17,0.42,-29.00
1041.00,0.07,0.09,0.03,0.15,0.16,0.44,-29.00
1042.00,0.08,0.09,0.05,0.15,0.17,0.42,-29.00
1043.00,0.07,0.09,0.04,0.15,0.16,0.44,-29.00
1044.00,0.08,0.09,0.05,0.15,0.17,0.40,-33.50
1045.00,0.07,0.10,0.05,0.16,0.17,0.40,-38.50
1046.00,0.07,0.09,0.06,0.16,0.18,0.38,-41.20
1047.00,0.07,0.10,0.05,0.16,0.18,0.38,-43.70
1048.00,0.07,0.10,0.06,0.16,0.18,0.37,-44.00
1049.00,0.07,0.10,0.05,0.16,0.18,0.38,-44.00
1050.00,0.07,0.10,0.06,0.16,0.18,0.38,-41.80
1051.00,0.07,0.10,0.05,0.16,0.17,0.40,-39.30
1052.00,0.07,0.09,0.05,0.15,0.18,0.39,-39.00
1053.00,0.07,0.10,0.04,0.16,0.17,0.40,-39.00
1054.00,0.07,0.09,0.05,0.15,0.18,0.39,-36.80
1055.00,0.07,0.10,0.04,0.15,0.17,0.42,-34.30
1056.00,0.08,0.09,0.05,0.15,0.17,0.40,-34.00
1057.00,0.07,0.09,0.03,0.15,0.16,0.44,-34.00
1058.00,0.07,0.09,0.05,0.15,0.18,0.39,-36.20
1059.00,0.07,0.10,0.04,0.16,0.17,0.40,-38.70
1060.00,0.07,0.09,0.05,0.15,0.18,0.39,-36.80
1061.00,0.07,0.10,0.04,0.15,0.17,0.42,-34.30
1062.00,0.08,0.09,0.05,0.15,0.17,0.40,-34.00
1063.00,0.07,0.10,0.04,0.15,0.17,0.42,-34.00
1064.00,0.08,0.09,0.05,0.15,0.17,0.41,-29.50
1065.00,0.07,0.09,0.03,0.15,0.16,0.46,-24.50
1066.00,0.08,0.08,0.04,0.14,0.17,0.42,-26.20
1067.00,0.07,0.10,0.03,0.15,0.16,0.44,-28.70
1068.00,0.08,0.08,0.04,0.14,0.17,0.42,-26.80
1069.00,0.07,0.09,0.03,0.15,0.16,0.46,-24.30
1070.00,0.08,0.08,0.04,0.14,0.17,0.43,-24.00
1071.00,0.07,0.09,0.03,0.15,0.16,0.46,-24.00
1072.00,0.08,0.08,0.04,0.14,0.17,0.42,-26.20
1073.00,0.07,0.09,0.03,0.15,0.16,0.46,-28.70
1074.00,0.08,0.08,0.04,0.14,0.17,0.42,-26.80
1075.00,0.07,0.09,0.03,0.15,0.16,0.46,-24.30
1076.00,0.08,0.08,0.04,0.14,0.17,0.43,-24.00
1077.00,0.07,0.09,0.03,0.15,0.16,0.46,-24.00
1078.00,0.08,0.08,0.04,0.14,0.17,0.43,-22.20
1079.00,0.07,0.09,0.03,0.14,0.16,0.47,-20.20
1080.00,0.08,0.08,0.04,0.14,0.17,0.44,-21.80
1081.00,0.07,0.09,0.03,0.15,0.16,0.46,-23.80
1082.00,0.08,0.08,0.04,0.14,0.17,0.42,-26.20
1083.00,0.07,0.09,0.03,0.15,0.16,0.44,-28.70
1084.00,0.08,0.09,0.05,0.15,0.17,0.42,-29.00
1085.00,0.07,0.10,0.03,0.15,0.16,0.44,-29.00
1086.00,0.08,0.09,0.05,0.15,0.17,0.42,-29.00
1087.00,0.07,0.09,0.03,0.15,0.16,0.44,-29.00
1088.00,0.08,0.09,0.05,0.15,0.17,0.41,-31.20
1089.00,0.07,0.09,0.03,0.15,0.16,0.45,-33.70
1090.00,0.08,0.09,0.05,0.15,0.17,0.40,-34.00
1091.00,0.07,0.10,0.04,0.15,0.17,0.42,-34.00
1092.00,0.07,0.09,0.05,0.15,0.18,0.39,-36.20
1093.00,0.07,0.10,0.04,0.16,0.17,0.40,-38.70
1094.00,0.07,0.09,0.05,0.15,0.18,0.39,-36.80
1095.00,0.07,0.10,0.04,0.15,0.17,0.42,-34.30
1096.00,0.08,0.09,0.05,0.15,0.17,0.40,-34.00
1097.00,0.07,0.10,0.04,0.15,0.17,0.42,-34.00
1098.00,0.08,0.09,0.05,0.15,0.17,0.40,-34.00
1099.00,0.07,0.10,0.04,0.15,0.17,0.42,-34.00
1100.00,0.08,0.09,0.05,0.15,0.17,0.41,-31.80
1101.00,0.07,0.10,0.03,0.15,0.16,0.44,-29.30
1102.00,0.08,0.08,0.04,0.14,0.17,0.42,-26.80
1103.00,0.07,0.09,0.03,0.15,0.16,0.46,-24.30
1104.00,0.08,0.08,0.04,0.14,0.17,0.43,-24.00
1105.00,0.07,0.09,0.03,0.15,0.16,0.46,-24.00
1106.00,0.08,0.08,0.04,0.14,0.17,0.43,-22.20
1107.00,0.07,0.09,0.03,0.14,0.16,0.48,-20.20
1108.00,0.08,0.08,0.04,0.14,0.17,0.44,-20.00
1109.00,0.07,0.09,0.02,0.14,0.16,0.48,-20.00
1110.00,0.08,0.08,0.04,0.14,0.17,0.45,-17.80
1111.00,0.07,0.09,0.02,0.14,0.16,0.48,-15.30
1112.00,0.08,0.08,0.04,0.14,0.17,0.44,-21.20
1113.00,0.07,0.09,0.03,0.15,0.16,0.44,-28.20
1114.00,0.08,0.09,0.05,0.15,0.17,0.40,-33.40
1115.00,0.07,0.10,0.04,0.15,0.17,0.41,-38.40
1116.00,0.07,0.09,0.05,0.15,0.18,0.39,-36.80
1117.00,0.07,0.10,0.04,0.15,0.17,0.42,-34.30
1118.00,0.08,0.09,0.05,0.15,0.17,0.40,-34.00
1119.00,0.07,0.10,0.04,0.15,0.17,0.42,-34.00
1120.00,0.08,0.09,0.05,0.15,0.17,0.40,-34.00
1121.00,0.07,0.09,0.03,0.15,0.16,0.44,-34.00
1122.00,0.07,0.09,0.05,0.15,0.18,0.39,-36.20
1123.00,0.07,0.10,0.05,0.16,0.17,0.40,-38.70
1124.00,0.07,0.09,0.06,0.16,0.18,0.38,-41.20
1125.00,0.07,0.10,0.05,0.16,0.18,0.38,-43.70
1126.00,0.07,0.10,0.06,0.16,0.18,0.38,-41.80
1127.00,0.07,0.10,0.05,0.16,0.17,0.40,-39.30
1128.00,0.07,0.09,0.05,0.15,0.17,0.40,-34.60
1129.00,0.07,0.10,0.03,0.15,0.16,0.44,-29.60
1130.00,0.08,0.09,0.05,0.15,0.17,0.42,-29.00
1131.00,0.07,0.10,0.03,0.15,0.16,0.44,-29.00
1132.00,0.08,0.08,0.04,0.14,0.17,0.42,-26.80
1133.00,0.07,0.09,0.03,0.15,0.16,0.45,-24.30
1134.00,0.08,0.09,0.05,0.15,0.17,0.42,-28.40
1135.00,0.07,0.10,0.04,0.15,0.17,0.42,-33.40
1136.00,0.08,0.09,0.05,0.15,0.17,0.41,-31.80
1137.00,0.07,0.09,0.03,0.15,0.16,0.46,-29.30
1138.00,0.08,0.08,0.04,0.14,0.17,0.42,-26.80
1139.00,0.07,0.09,0.03,0.15,0.16,0.46,-24.30
1140.00,0.08,0.08,0.04,0.14,0.17,0.43,-22.20
1141.00,0.07,0.09,0.03,0.14,0.16,0.47,-20.20
1142.00,0.08,0.08,0.04,0.14,0.17,0.44,-21.80
1143.00,0.07,0.09,0.03,0.15,0.16,0.46,-23.80
1144.00,0.08,0.08,0.04,0.14,0.17,0.42,-26.20
1145.00,0.07,0.09,0.03,0.15,0.16,0.44,-28.70
1146.00,0.08,0.08,0.04,0.14,0.17,0.43,-25.00
1147.00,0.07,0.09,0.03,0.14,0.16,0.47,-20.50
1148.00,0.08,0.08,0.04,0.14,0.17,0.44,-20.00
1149.00,0.07,0.09,0.02,0.14,0.16,0.48,-20.00
1150.00,0.08,0.08,0.04,0.14,0.17,0.45,-17.80
1151.00,0.07,0.09,0.02,0.14,0.16,0.48,-15.30
1152.00,0.08,0.08,0.04,0.14,0.17,0.44,-19.00
1153.00,0.07,0.09,0.03,0.15,0.16,0.46,-23.50
1154.00,0.08,0.08,0.04,0.14,0.17,0.43,-24.00
1155.00,0.07,0.09,0.03,0.15,0.16,0.46,-24.00
1156.00,0.08,0.08,0.04,0.14,0.17,0.43,-22.20
1157.00,0.07,0.09,0.03,0.14,0.16,0.48,-20.20
1158.00,0.08,0.08,0.04,0.14,0.17,0.44,-20.00
1159.00,0.07,0.09,0.03,0.14,0.16,0.47,-20.00
1160.00,0.08,0.08,0.04,0.14,0.17,0.43,-24.00
1161.00,0.07,0.09,0.03,0.15,0.16,0.44,-28.50
1162.00,0.08,0.09,0.05,0.15,0.17,0.42,-29.00
1163.00,0.07,0.09,0.04,0.15,0.16,0.44,-29.00
1164.00,0.08,0.09,0.05,0.15,0.17,0.40,-33.40
1165.00,0.07,0.10,0.04,0.15,0.17,0.41,-38.40
1166.00,0.07,0.09,0.05,0.15,0.17,0.40,-34.60
1167.00,0.07,0.10,0.03,0.15,0.16,0.44,-29.60
1168.00,0.08,0.08,0.04,0.14,0.17,0.42,-26.80
1169.00,0.15,0.08,0.09,0.12,0.19,0.27,-24.30
1170.00,0.08,0.08,0.04,0.14,0.17,0.45,-15.60
1171.00,0.09,0.07,0.02,0.12,0.17,0.51,-6.10
1172.00,0.10,0.06,0.03,0.12,0.18,0.49,3.80
1173.00,0.11,0.05,0.03,0.11,0.20,0.45,13.80
1174.00,0.11,0.05,0.04,0.12,0.20,0.44,21.20
1175.00,0.12,0.05,0.03,0.12,0.22,0.42,28.20
1176.00,0.13,0.04,0.04,0.11,0.22,0.41,33.40
1177.00,0.14,0.04,0.04,0.11,0.24,0.39,38.40
1178.00,0.15,0.04,0.04,0.11,0.25,0.37,47.80
1179.00,0.17,0.03,0.04,0.11,0.27,0.34,57.80
1180.00,0.18,0.03,0.04,0.11,0.28,0.33,63.00
1181.00,0.19,0.03,0.04,0.10,0.28,0.31,67.50
1182.00,0.22,0.03,0.04,0.11,0.29,0.29,74.60
1183.00,0.23,0.02,0.05,0.10,0.30,0.27,82.10
1184.00,0.25,0.02,0.05,0.10,0.31,0.25,89.60
1185.00,0.23,0.02,0.04,0.10,0.30,0.28,97.10
1186.00,0.28,0.01,0.05,0.09,0.32,0.22,102.00
1187.00,0.28,0.01,0.05,0.08,0.32,0.21,106.50
1188.00,0.30,0.01,0.05,0.08,0.33,0.19,111.40
1189.00,0.30,0.01,0.06,0.07,0.33,0.19,116.40
1190.00,0.31,0.01,0.06,0.07,0.34,0.17,121.40
1191.00,0.31,0.01,0.06,0.07,0.34,0.17,126.40
1192.00,0.31,0.01,0.06,0.07,0.34,0.16,129.20
1193.00,0.31,0.01,0.06,0.06,0.34,0.16,131.70
1194.00,0.31,0.01,0.06,0.07,0.34,0.16,127.60
1195.00,0.30,0.01,0.06,0.07,0.33,0.17,122.60
1196.00,0.31,0.01,0.06,0.07,0.34,0.17,119.80
1197.00,0.30,0.01,0.06,0.07,0.33,0.18,117.30
1198.00,0.30,0.01,0.06,0.08,0.33,0.18,114.80
1199.00,0.29,0.01,0.06,0.08,0.32,0.19,112.30
1200.00,0.29,0.01,0.05,0.08,0.32,0.21,105.80
1201.00,0.07,0.02,0.68,0.01,0.11,0.03,98.80
1202.00,0.24,0.02,0.04,0.10,0.30,0.26,87.00
1203.00,0.21,0.02,0.04,0.10,0.29,0.29,74.50
1204.00,0.15,0.04,0.04,0.11,0.26,0.37,49.20
1205.00,0.11,0.05,0.03,0.12,0.20,0.44,22.30
1206.00,0.08,0.08,0.04,0.13,0.17,0.46,-13.10
1207.00,0.07,0.11,0.07,0.17,0.19,0.33,-49.60
1208.00,0.07,0.13,0.10,0.18,0.22,0.27,-92.20
1209.00,0.06,0.12,0.13,0.18,0.23,0.25,-135.70
1210.00,0.06,0.11,0.16,0.17,0.24,0.22,-179.20
1211.00,0.06,0.10,0.22,0.15,0.25,0.18,-222.70
1212.00,0.05,0.10,0.24,0.14,0.25,0.16,-266.70
1213.00,0.05,0.09,0.29,0.12,0.25,0.13,-310.70
1214.00,0.05,0.09,0.30,0.12,0.25,0.13,-346.30
1215.00,0.05,0.08,0.35,0.10,0.25,0.10,-380.80
1216.00,0.05,0.08,0.35,0.10,0.25,0.11,-404.30
1217.00,0.05,0.05,0.64,0.04,0.18,0.06,-426.30
1218.00,0.05,0.07,0.38,0.10,0.26,0.10,-450.10
1219.00,0.05,0.07,0.43,0.08,0.25,0.08,-474.10
1220.00,0.05,0.07,0.41,0.09,0.26,0.09,-500.70
1221.00,0.05,0.06,0.47,0.08,0.25,0.07,-527.70
1222.00,0.05,0.06,0.45,0.09,0.26,0.08,-552.50
1223.00,0.05,0.06,0.51,0.08,0.26,0.06,-577.00
1224.00,0.05,0.06,0.48,0.08,0.27,0.07,-597.10
1225.00,0.05,0.05,0.54,0.07,0.26,0.06,-616.60
1226.00,0.05,0.06,0.50,0.08,0.27,0.07,-627.30
1227.00,0.04,0.05,0.56,0.07,0.26,0.06,-636.80
1228.00,0.05,0.06,0.51,0.08,0.27,0.07,-640.20
1229.00,0.04,0.05,0.56,0.07,0.26,0.05,-642.70
1230.00,0.05,0.06,0.51,0.08,0.27,0.07,-638.60
1231.00,0.04,0.05,0.55,0.07,0.26,0.06,-633.60
1232.00,0.05,0.06,0.50,0.08,0.27,0.07,-629.10
1233.00,0.05,0.06,0.46,0.08,0.24,0.07,-624.60
1234.00,0.05,0.06,0.50,0.08,0.27,0.07,-624.00
1235.00,0.04,0.05,0.55,0.07,0.26,0.06,-624.00
1236.00,0.05,0.06,0.49,0.08,0.27,0.07,-617.40
1237.00,0.05,0.05,0.54,0.08,0.26,0.06,-609.90
1238.00,0.05,0.06,0.48,0.08,0.27,0.07,-600.70
1239.00,0.05,0.06,0.52,0.08,0.26,0.06,-591.20
1240.00,0.05,0.06,0.47,0.08,0.26,0.07,-579.00
1241.00,0.05,0.06,0.50,0.08,0.26,0.06,-566.60
1242.00,0.05,0.06,0.45,0.09,0.26,0.08,-554.50
1243.00,0.05,0.06,0.48,0.08,0.26,0.07,-542.50
1244.00,0.05,0.07,0.43,0.09,0.26,0.08,-526.10
1245.00,0.05,0.06,0.45,0.08,0.25,0.07,-509.10
1246.00,0.05,0.07,0.41,0.09,0.26,0.09,-489.90
1247.00,0.05,0.07,0.42,0.09,0.25,0.08,-470.40
1248.00,0.05,0.07,0.38,0.10,0.26,0.09,-454.90
1249.00,0.06,0.08,0.32,0.10,0.24,0.11,-439.90
1250.00,0.05,0.07,0.36,0.10,0.26,0.10,-423.10
1251.00,0.05,0.08,0.36,0.10,0.25,0.10,-406.10
1252.00,0.05,0.08,0.34,0.11,0.25,0.11,-393.50
1253.00,0.05,0.08,0.34,0.10,0.25,0.11,-381.50
1254.00,0.06,0.08,0.32,0.11,0.25,0.12,-362.90
1255.00,0.05,0.09,0.31,0.11,0.25,0.12,-343.40
1256.00,0.05,0.09,0.29,0.12,0.25,0.14,-323.90
1257.00,0.05,0.09,0.28,0.13,0.25,0.14,-304.40
1258.00,0.05,0.09,0.26,0.13,0.25,0.15,-286.70
1259.00,0.05,0.10,0.25,0.14,0.25,0.16,-269.20
1260.00,0.05,0.10,0.23,0.14,0.25,0.17,-254.30
1261.00,0.05,0.10,0.23,0.15,0.25,0.17,-239.80
1262.00,0.06,0.10,0.20,0.15,0.24,0.19,-223.10
1263.00,0.06,0.10,0.19,0.16,0.24,0.20,-206.10
1264.00,0.06,0.11,0.17,0.17,0.24,0.21,-191.30
1265.00,0.06,0.12,0.12,0.18,0.22,0.25,-176.80
1266.00,0.06,0.11,0.14,0.18,0.23,0.23,-164.10
1267.00,0.06,0.12,0.13,0.18,0.23,0.24,-151.60
1268.00,0.06,0.12,0.12,0.18,0.23,0.25,-137.30
1269.00,0.06,0.13,0.11,0.18,0.22,0.26,-122.80
1270.00,0.07,0.13,0.11,0.18,0.22,0.27,-108.30
1271.00,0.07,0.13,0.10,0.19,0.22,0.27,-93.80
1272.00,0.07,0.13,0.09,0.18,0.21,0.29,-77.60
1273.00,0.07,0.12,0.07,0.17,0.20,0.32,-61.10
1274.00,0.07,0.10,0.06,0.16,0.18,0.37,-45.90
1275.00,0.07,0.10,0.04,0.15,0.16,0.43,-30.90
1276.00,0.08,0.08,0.04,0.14,0.17,0.43,-22.90
1277.00,0.07,0.09,0.02,0.14,0.15,0.49,-15.90
1278.00,0.08,0.08,0.04,0.13,0.17,0.46,-12.80
1279.00,0.08,0.08,0.02,0.13,0.16,0.51,-10.30
1280.00,0.09,0.07,0.03,0.12,0.17,0.49,-7.80
1281.00,0.09,0.07,0.01,0.12,0.16,0.52,-5.30
1282.00,0.09,0.06,0.03,0.12,0.17,0.50,-2.80
1283.00,0.09,0.06,0.01,0.12,0.17,0.51,-0.30
1284.00,0.09,0.06,0.03,0.12,0.17,0.50,-2.20
1285.00,0.09,0.07,0.01,0.12,0.16,0.53,-4.70
1286.00,0.09,0.06,0.03,0.12,0.17,0.50,-5.00
1287.00,0.09,0.07,0.01,0.12,0.16,0.53,-5.00
1288.00,0.09,0.06,0.03,0.12,0.17,0.50,-5.00
1289.00,0.09,0.07,0.01,0.12,0.16,0.53,-5.00
1290.00,0.09,0.07,0.03,0.12,0.17,0.49,-7.20
1291.00,0.09,0.07,0.02,0.12,0.16,0.50,-9.70
1292.00,0.09,0.06,0.03,0.12,0.17,0.50,-5.60
1293.00,0.09,0.06,0.02,0.12,0.17,0.50,-0.60
1294.00,0.10,0.06,0.03,0.12,0.18,0.49,4.40
1295.00,0.10,0.06,0.02,0.12,0.18,0.49,9.40
1296.00,0.10,0.06,0.03,0.12,0.19,0.47,12.20
1297.00,0.10,0.06,0.02,0.12,0.18,0.48,14.70
1298.00,0.11,0.05,0.04,0.12,0.19,0.45,16.70
1299.00,0.11,0.05,0.03,0.12,0.20,0.45,18.70
1300.00,0.11,0.05,0.04,0.12,0.20,0.43,23.40
1301.00,0.12,0.05,0.03,0.12,0.21,0.43,28.30
1302.00,0.12,0.05,0.04,0.11,0.21,0.41,31.20
1303.00,0.13,0.05,0.03,0.12,0.23,0.42,33.70
1304.00,0.13,0.04,0.04,0.11,0.22,0.41,34.00
1305.00,0.13,0.04,0.04,0.12,0.23,0.41,34.00
1306.00,0.12,0.05,0.04,0.12,0.21,0.42,27.50
1307.00,0.11,0.05,0.03,0.12,0.20,0.45,20.00
1308.00,0.11,0.05,0.04,0.12,0.19,0.45,19.00
1309.00,0.11,0.05,0.03,0.12,0.20,0.45,19.00
1310.00,0.11,0.05,0.04,0.12,0.20,0.44,21.20
1311.00,0.12,0.05,0.03,0.12,0.20,0.44,23.70
1312.00,0.11,0.05,0.04,0.12,0.20,0.43,24.00
1313.00,0.11,0.06,0.03,0.12,0.20,0.45,24.00
1314.00,0.11,0.05,0.04,0.12,0.20,0.43,24.00
1315.00,0.12,0.05,0.03,0.12,0.21,0.44,24.00
1316.00,0.12,0.05,0.04,0.12,0.20,0.43,26.20
1317.00,0.12,0.05,0.03,0.12,0.21,0.43,28.70
1318.00,0.12,0.05,0.04,0.12,0.20,0.43,24.70
1319.00,0.11,0.05,0.03,0.12,0.20,0.45,19.70
1320.00,0.11,0.05,0.04,0.12,0.20,0.44,21.20
1321.00,0.12,0.05,0.03,0.12,0.20,0.44,23.70
1322.00,0.11,0.05,0.04,0.12,0.20,0.44,21.80
1323.00,0.11,0.05,0.03,0.12,0.20,0.45,19.30
1324.00,0.11,0.05,0.04,0.12,0.19,0.45,17.30
1325.00,0.11,0.05,0.02,0.12,0.19,0.46,15.30
1326.00,0.11,0.05,0.04,0.12,0.19,0.45,16.70
1327.00,0.11,0.05,0.03,0.12,0.20,0.46,18.70
1328.00,0.11,0.05,0.04,0.12,0.19,0.45,19.00
1329.00,0.10,0.06,0.03,0.12,0.19,0.46,19.00
1330.00,0.12,0.05,0.04,0.12,0.20,0.43,25.50
1331.00,0.13,0.05,0.04,0.12,0.23,0.41,33.00
1332.00,0.13,0.04,0.04,0.11,0.23,0.40,36.20
1333.00,0.14,0.04,0.03,0.12,0.24,0.40,38.70
1334.00,0.13,0.04,0.04,0.11,0.23,0.40,36.80
1335.00,0.13,0.05,0.03,0.12,0.23,0.41,34.30
1336.00,0.13,0.05,0.04,0.11,0.22,0.41,31.80
1337.00,0.12,0.05,0.03,0.12,0.22,0.43,29.30
1338.00,0.12,0.05,0.04,0.11,0.21,0.41,31.20
1339.00,0.13,0.05,0.03,0.12,0.23,0.42,33.70
1340.00,0.13,0.04,0.04,0.11,0.22,0.41,34.00
1341.00,0.13,0.04,0.04,0.12,0.23,0.41,34.00
1342.00,0.14,0.04,0.04,0.11,0.23,0.39,38.30
1343.00,0.15,0.04,0.04,0.11,0.25,0.38,43.30
1344.00,0.15,0.04,0.04,0.11,0.25,0.37,48.30
1345.00,0.14,0.04,0.04,0.12,0.25,0.38,53.30
1346.00,0.17,0.04,0.04,0.11,0.27,0.35,56.20
1347.00,0.17,0.03,0.04,0.11,0.27,0.34,58.70
1348.00,0.16,0.04,0.04,0.11,0.27,0.35,54.70
1349.00,0.15,0.04,0.04,0.11,0.26,0.36,49.70
1350.00,0.16,0.04,0.04,0.11,0.26,0.36,53.30
1351.00,0.17,0.03,0.04,0.11,0.27,0.34,58.30
1352.00,0.17,0.03,0.04,0.11,0.27,0.34,59.00
1353.00,0.17,0.03,0.04,0.11,0.27,0.34,59.00
1354.00,0.17,0.03,0.04,0.11,0.27,0.34,59.00
1355.00,0.17,0.03,0.04,0.11,0.27,0.34,59.00
1356.00,0.17,0.04,0.04,0.11,0.27,0.35,56.80
1357.00,0.16,0.04,0.04,0.11,0.27,0.35,54.30
1358.00,0.17,0.04,0.04,0.11,0.27,0.35,56.20
1359.00,0.17,0.03,0.04,0.11,0.27,0.34,58.70
1360.00,0.18,0.03,0.04,0.11,0.27,0.34,60.70
1361.00,0.15,0.04,0.04,0.11,0.26,0.36,62.70
1362.00,0.18,0.03,0.04,0.11,0.28,0.33,63.00
1363.00,0.18,0.03,0.04,0.11,0.27,0.33,63.00
1364.00,0.19,0.03,0.04,0.11,0.28,0.33,65.20
1365.00,0.19,0.03,0.04,0.11,0.28,0.32,67.70
1366.00,0.19,0.03,0.04,0.11,0.28,0.33,64.10
1367.00,0.17,0.03,0.04,0.11,0.27,0.34,59.60
1368.00,0.17,0.03,0.04,0.11,0.27,0.34,59.00
1369.00,0.17,0.03,0.04,0.11,0.27,0.34,59.00
1370.00,0.17,0.03,0.04,0.11,0.27,0.34,59.00
1371.00,0.17,0.03,0.04,0.11,0.27,0.34,59.00
1372.00,0.18,0.03,0.04,0.11,0.27,0.34,60.70
1373.00,0.18,0.03,0.04,0.11,0.28,0.33,62.70
1374.00,0.18,0.03,0.04,0.11,0.28,0.33,63.00
1375.00,0.18,0.03,0.04,0.11,0.27,0.33,63.00
1376.00,0.20,0.03,0.04,0.11,0.28,0.32,67.30
1377.00,0.20,0.02,0.03,0.11,0.28,0.31,72.30
1378.00,0.22,0.03,0.04,0.11,0.30,0.29,77.30
1379.00,0.23,0.02,0.05,0.10,0.30,0.27,82.30
1380.00,0.24,0.02,0.04,0.10,0.30,0.26,85.20
1381.00,0.24,0.01,0.05,0.09,0.30,0.26,87.70
1382.00,0.26,0.02,0.05,0.10,0.31,0.24,92.30
1383.00,0.26,0.01,0.05,0.09,0.31,0.23,97.30
1384.00,0.27,0.01,0.05,0.09,0.32,0.22,99.70
1385.00,0.27,0.01,0.05,0.08,0.31,0.22,101.70
1386.00,0.29,0.01,0.05,0.08,0.32,0.20,106.30
1387.00,0.29,0.01,0.06,0.08,0.32,0.20,111.30
1388.00,0.30,0.01,0.06,0.08,0.33,0.19,112.00
1389.00,0.29,0.01,0.06,0.08,0.32,0.19,112.00
1390.00,0.30,0.01,0.06,0.08,0.33,0.19,112.00
1391.00,0.29,0.01,0.06,0.08,0.32,0.19,112.00
1392.00,0.31,0.01,0.06,0.07,0.34,0.17,120.60
1393.00,0.32,0.01,0.05,0.07,0.34,0.18,130.60
1394.00,0.32,0.01,0.07,0.07,0.34,0.16,134.20
1395.00,0.32,0.01,0.06,0.06,0.34,0.15,136.70
1396.00,0.32,0.01,0.07,0.06,0.34,0.15,137.00
1397.00,0.32,0.01,0.06,0.06,0.34,0.15,137.00
1398.00,0.32,0.01,0.07,0.06,0.35,0.15,140.90
1399.00,0.32,0.01,0.07,0.06,0.35,0.14,145.40
1400.00,0.32,0.01,0.07,0.06,0.35,0.14,152.50
1401.00,0.33,0.01,0.07,0.06,0.36,0.13,159.90
1402.00,0.33,0.01,0.08,0.06,0.36,0.13,163.10
1403.00,0.33,0.01,0.08,0.05,0.36,0.12,165.60
1404.00,0.33,0.01,0.08,0.06,0.36,0.12,168.10
1405.00,0.33,0.01,0.08,0.05,0.36,0.12,170.60
1406.00,0.33,0.01,0.08,0.05,0.36,0.12,171.00
1407.00,0.33,0.01,0.08,0.05,0.36,0.12,171.00
1408.00,0.33,0.01,0.08,0.05,0.36,0.12,173.10
1409.00,0.34,0.01,0.07,0.06,0.37,0.13,175.60
1410.00,0.33,0.01,0.09,0.05,0.36,0.12,182.00
1411.00,0.33,0.01,0.09,0.05,0.37,0.11,189.00
1412.00,0.33,0.01,0.09,0.05,0.36,0.11,192.10
1413.00,0.33,0.01,0.09,0.05,0.37,0.10,194.60
1414.00,0.33,0.01,0.10,0.05,0.37,0.11,197.10
1415.00,0.33,0.01,0.09,0.05,0.37,0.10,199.60
1416.00,0.33,0.01,0.10,0.05,0.37,0.11,200.00
1417.00,0.33,0.01,0.09,0.05,0.37,0.10,200.00
1418.00,0.33,0.01,0.10,0.05,0.37,0.10,202.10
1419.00,0.33,0.01,0.10,0.05,0.37,0.10,204.60
1420.00,0.33,0.01,0.10,0.05,0.37,0.10,211.40
1421.00,0.33,0.00,0.10,0.05,0.37,0.10,218.90
1422.00,0.33,0.01,0.11,0.05,0.37,0.10,221.70
1423.00,0.33,0.01,0.10,0.05,0.37,0.10,223.70
1424.00,0.33,0.01,0.11,0.05,0.36,0.10,226.10
1425.00,0.34,0.01,0.08,0.05,0.37,0.11,228.60
1426.00,0.32,0.01,0.11,0.05,0.36,0.10,229.00
1427.00,0.33,0.01,0.11,0.05,0.37,0.10,229.00
1428.00,0.33,0.01,0.11,0.05,0.37,0.10,225.10
1429.00,0.33,0.00,0.10,0.05,0.37,0.10,220.60
1430.00,0.33,0.01,0.11,0.05,0.37,0.10,221.70
1431.00,0.33,0.01,0.10,0.05,0.37,0.10,223.70
1432.00,0.33,0.01,0.11,0.05,0.36,0.10,226.10
1433.00,0.33,0.01,0.11,0.05,0.37,0.10,228.60
1434.00,0.32,0.01,0.11,0.05,0.36,0.10,229.00
1435.00,0.33,0.01,0.11,0.05,0.37,0.10,229.00
1436.00,0.33,0.01,0.11,0.05,0.36,0.10,226.90
1437.00,0.33,0.01,0.10,0.05,0.37,0.10,224.40
1438.00,0.33,0.01,0.11,0.05,0.36,0.10,226.10
1439.00,0.33,0.01,0.11,0.05,0.37,0.10,228.60
1440.00,0.32,0.01,0.11,0.05,0.36,0.10,231.10
1441.00,0.34,0.01,0.08,0.05,0.37,0.11,233.60
1442.00,0.32,0.01,0.11,0.05,0.36,0.10,231.90
1443.00,0.33,0.01,0.11,0.05,0.37,0.10,229.40
1444.00,0.32,0.01,0.11,0.05,0.36,0.10,231.10
1445.00,0.32,0.01,0.11,0.05,0.37,0.10,233.60
1446.00,0.32,0.01,0.12,0.05,0.36,0.10,236.10
1447.00,0.32,0.01,0.12,0.05,0.36,0.09,238.60
1448.00,0.32,0.01,0.12,0.04,0.36,0.10,239.00
1449.00,0.32,0.01,0.12,0.05,0.36,0.09,239.00
1450.00,0.32,0.01,0.12,0.04,0.36,0.10,239.00
1451.00,0.32,0.01,0.12,0.05,0.36,0.09,239.00
1452.00,0.32,0.01,0.12,0.04,0.36,0.10,239.00
1453.00,0.32,0.01,0.12,0.05,0.36,0.09,239.00
1454.00,0.32,0.01,0.12,0.05,0.36,0.10,236.90
1455.00,0.33,0.01,0.11,0.05,0.37,0.10,234.40
1456.00,0.32,0.01,0.11,0.05,0.36,0.10,229.70
1457.00,0.34,0.01,0.08,0.05,0.37,0.11,224.70
1458.00,0.33,0.01,0.11,0.05,0.37,0.10,224.00
1459.00,0.33,0.00,0.10,0.05,0.37,0.10,224.00
1460.00,0.33,0.01,0.11,0.05,0.37,0.10,220.20
1461.00,0.33,0.00,0.10,0.05,0.37,0.10,215.70
1462.00,0.33,0.01,0.10,0.05,0.37,0.10,212.90
1463.00,0.33,0.00,0.10,0.05,0.37,0.10,210.40
1464.00,0.33,0.01,0.10,0.05,0.37,0.10,207.90
1465.00,0.33,0.01,0.10,0.05,0.37,0.10,205.40
1466.00,0.33,0.01,0.10,0.05,0.37,0.10,207.10
1467.00,0.33,0.00,0.10,0.05,0.37,0.10,209.60
1468.00,0.33,0.01,0.10,0.05,0.37,0.10,205.70
1469.00,0.33,0.01,0.09,0.05,0.37,0.10,200.70
1470.00,0.33,0.01,0.10,0.05,0.36,0.11,195.70
1471.00,0.33,0.01,0.09,0.05,0.37,0.11,190.70
1472.00,0.33,0.01,0.09,0.05,0.36,0.11,187.90
1473.00,0.34,0.01,0.07,0.06,0.37,0.13,185.40
1474.00,0.33,0.01,0.09,0.05,0.36,0.11,187.10
1475.00,0.33,0.01,0.09,0.05,0.37,0.11,189.60
1476.00,0.33,0.01,0.09,0.05,0.36,0.11,186.20
1477.00,0.33,0.01,0.08,0.05,0.37,0.11,181.70
1478.00,0.33,0.01,0.09,0.05,0.36,0.12,178.90
1479.00,0.33,0.01,0.08,0.05,0.36,0.11,176.40
1480.00,0.33,0.01,0.09,0.05,0.36,0.12,176.00
1481.00,0.33,0.01,0.08,0.05,0.36,0.12,176.00
1482.00,0.33,0.01,0.08,0.05,0.36,0.12,169.60
1483.00,0.33,0.01,0.08,0.05,0.36,0.13,162.10
1484.00,0.32,0.01,0.08,0.06,0.35,0.14,154.60
1485.00,0.32,0.01,0.07,0.06,0.35,0.14,147.10
1486.00,0.32,0.01,0.07,0.06,0.35,0.15,142.20
1487.00,0.32,0.01,0.06,0.06,0.35,0.15,137.70
1488.00,0.32,0.01,0.07,0.06,0.35,0.15,138.70
1489.00,0.31,0.01,0.05,0.07,0.34,0.18,140.70
1490.00,0.32,0.01,0.07,0.06,0.34,0.15,137.20
1491.00,0.31,0.01,0.06,0.06,0.34,0.16,132.70
1492.00,0.32,0.01,0.06,0.07,0.34,0.16,132.00
1493.00,0.31,0.01,0.06,0.06,0.34,0.16,132.00
1494.00,0.31,0.01,0.06,0.07,0.34,0.16,127.70
1495.00,0.30,0.01,0.06,0.07,0.33,0.17,122.70
1496.00,0.30,0.01,0.06,0.07,0.33,0.18,117.70
1497.00,0.29,0.01,0.06,0.08,0.32,0.19,112.70
1498.00,0.30,0.01,0.06,0.08,0.33,0.19,112.00
1499.00,0.29,0.01,0.06,0.08,0.32,0.19,112.00
1500.00,0.29,0.01,0.05,0.08,0.32,0.20,106.00
1501.00,0.27,0.01,0.05,0.09,0.31,0.22,99.10
1502.00,0.26,0.02,0.05,0.09,0.31,0.23,95.90
1503.00,0.25,0.01,0.05,0.09,0.31,0.24,93.40
1504.00,0.25,0.02,0.05,0.10,0.31,0.25,90.90
1505.00,0.20,0.02,0.04,0.11,0.28,0.31,88.40
1506.00,0.24,0.02,0.04,0.10,0.30,0.26,85.90
1507.00,0.23,0.02,0.05,0.10,0.30,0.27,83.40
1508.00,0.23,0.02,0.04,0.10,0.30,0.28,80.90
1509.00,0.22,0.02,0.05,0.10,0.29,0.28,78.40
1510.00,0.22,0.03,0.04,0.11,0.30,0.29,75.90
1511.00,0.21,0.02,0.04,0.10,0.29,0.30,73.40
1512.00,0.21,0.03,0.04,0.11,0.29,0.30,73.00
1513.00,0.21,0.02,0.04,0.10,0.29,0.30,73.00
1514.00,0.21,0.03,0.04,0.11,0.29,0.30,73.00
1515.00,0.21,0.02,0.04,0.10,0.29,0.30,73.00
1516.00,0.20,0.03,0.04,0.11,0.29,0.31,68.80
1517.00,0.18,0.03,0.04,0.11,0.28,0.33,63.80
1518.00,0.17,0.03,0.04,0.11,0.27,0.34,59.20
1519.00,0.16,0.04,0.04,0.11,0.27,0.35,54.70
1520.00,0.16,0.04,0.04,0.11,0.26,0.36,51.90
1521.00,0.14,0.04,0.04,0.12,0.24,0.39,49.40
1522.00,0.15,0.04,0.04,0.11,0.26,0.37,49.00
1523.00,0.15,0.04,0.04,0.12,0.26,0.37,49.00
1524.00,0.14,0.04,0.04,0.11,0.24,0.38,42.60
1525.00,0.13,0.04,0.04,0.12,0.23,0.41,35.10
1526.00,0.12,0.05,0.04,0.11,0.21,0.42,29.80
1527.00,0.12,0.05,0.03,0.12,0.21,0.44,24.80
1528.00,0.11,0.05,0.04,0.12,0.20,0.44,21.90
1529.00,0.11,0.05,0.03,0.12,0.20,0.45,19.40
1530.00,0.11,0.05,0.04,0.12,0.20,0.44,21.10
1531.00,0.12,0.05,0.03,0.12,0.20,0.44,23.60
1532.00,0.12,0.05,0.04,0.12,0.20,0.43,26.10
1533.00,0.12,0.05,0.03,0.12,0.21,0.43,28.60
1534.00,0.12,0.05,0.04,0.11,0.21,0.41,31.10
1535.00,0.13,0.05,0.03,0.12,0.23,0.42,33.60
1536.00,0.13,0.04,0.04,0.11,0.22,0.41,34.00
1537.00,0.12,0.05,0.03,0.12,0.21,0.43,34.00
1538.00,0.13,0.04,0.04,0.11,0.22,0.41,34.00
1539.00,0.13,0.05,0.03,0.12,0.23,0.41,34.00
1540.00,0.13,0.05,0.04,0.11,0.22,0.41,31.90
1541.00,0.12,0.05,0.03,0.12,0.22,0.43,29.40
1542.00,0.12,0.05,0.04,0.11,0.21,0.41,31.10
1543.00,0.13,0.05,0.03,0.12,0.23,0.41,33.60
1544.00,0.13,0.05,0.04,0.11,0.22,0.41,31.90
1545.00,0.12,0.05,0.03,0.12,0.21,0.43,29.40
1546.00,0.12,0.05,0.04,0.11,0.21,0.42,29.00
1547.00,0.12,0.05,0.03,0.12,0.21,0.43,29.00
1548.00,0.12,0.05,0.04,0.11,0.21,0.42,29.00
1549.00,0.12,0.05,0.03,0.12,0.21,0.43,29.00
1550.00,0.12,0.05,0.04,0.11,0.21,0.42,29.00
1551.00,0.12,0.05,0.03,0.12,0.22,0.43,29.00
1552.00,0.12,0.05,0.04,0.12,0.20,0.43,24.80
1553.00,0.11,0.06,0.02,0.12,0.19,0.47,19.80
1554.00,0.11,0.05,0.04,0.12,0.19,0.45,19.00
1555.00,0.11,0.05,0.03,0.12,0.20,0.45,19.00
1556.00,0.11,0.05,0.04,0.12,0.20,0.44,21.10
1557.00,0.12,0.05,0.03,0.12,0.20,0.44,23.60
1558.00,0.11,0.05,0.04,0.12,0.20,0.43,24.00
1559.00,0.12,0.05,0.03,0.12,0.20,0.44,24.00
1560.00,0.11,0.05,0.04,0.12,0.20,0.43,24.00
1561.00,0.12,0.05,0.03,0.12,0.20,0.44,24.00
1562.00,0.11,0.05,0.04,0.12,0.20,0.43,24.00
1563.00,0.12,0.05,0.03,0.12,0.20,0.44,24.00
1564.00,0.11,0.05,0.04,0.12,0.20,0.43,24.00
1565.00,0.12,0.05,0.03,0.12,0.20,0.44,24.00
1566.00,0.12,0.05,0.04,0.12,0.20,0.43,26.10
1567.00,0.12,0.05,0.03,0.12,0.21,0.43,28.60
1568.00,0.12,0.05,0.04,0.12,0.21,0.42,26.90
1569.00,0.11,0.05,0.03,0.12,0.20,0.45,24.40
1570.00,0.11,0.05,0.04,0.12,0.19,0.44,20.20
1571.00,0.11,0.05,0.02,0.12,0.19,0.46,15.70
1572.00,0.11,0.05,0.03,0.12,0.19,0.46,15.00
1573.00,0.11,0.05,0.03,0.12,0.19,0.46,15.00
1574.00,0.11,0.05,0.04,0.12,0.19,0.45,16.70
1575.00,0.11,0.05,0.03,0.12,0.20,0.45,18.70
1576.00,0.11,0.05,0.04,0.12,0.20,0.44,21.10
1577.00,0.12,0.05,0.03,0.12,0.20,0.44,23.60
1578.00,0.11,0.05,0.04,0.12,0.20,0.44,21.90
1579.00,0.11,0.05,0.03,0.12,0.20,0.45,19.40
1580.00,0.11,0.05,0.04,0.12,0.20,0.44,21.10
1581.00,0.12,0.05,0.03,0.12,0.20,0.44,23.60
1582.00,0.11,0.05,0.04,0.12,0.20,0.43,24.00
1583.00,0.12,0.05,0.03,0.12,0.20,0.44,24.00
1584.00,0.11,0.05,0.04,0.12,0.20,0.44,21.90
1585.00,0.11,0.06,0.02,0.12,0.19,0.47,19.40
1586.00,0.11,0.05,0.04,0.12,0.19,0.45,19.00
1587.00,0.11,0.05,0.03,0.12,0.20,0.45,19.00
1588.00,0.11,0.05,0.04,0.12,0.20,0.43,23.20
1589.00,0.12,0.05,0.03,0.12,0.21,0.43,28.20
1590.00,0.12,0.05,0.04,0.12,0.21,0.42,26.90
1591.00,0.12,0.05,0.03,0.12,0.20,0.44,24.40
1592.00,0.11,0.05,0.04,0.12,0.20,0.43,24.00
1593.00,0.12,0.05,0.03,0.12,0.20,0.44,24.00
1594.00,0.11,0.05,0.04,0.12,0.20,0.43,24.00
1595.00,0.12,0.05,0.03,0.12,0.20,0.44,24.00
1596.00,0.11,0.05,0.04,0.12,0.20,0.44,21.90
1597.00,0.11,0.05,0.03,0.12,0.20,0.45,19.40
1598.00,0.11,0.05,0.04,0.12,0.19,0.45,19.00
1599.00,0.11,0.05,0.03,0.12,0.20,0.46,19.00
1600.00,0.11,0.05,0.04,0.12,0.19,0.45,19.00
1601.00,0.11,0.06,0.02,0.12,0.19,0.46,19.00
1602.00,0.11,0.05,0.04,0.12,0.19,0.45,19.00
1603.00,0.11,0.05,0.03,0.12,0.20,0.45,19.00
1604.00,0.11,0.05,0.04,0.12,0.19,0.45,17.30
1605.00,0.11,0.05,0.03,0.12,0.19,0.46,15.30
1606.00,0.11,0.05,0.04,0.12,0.19,0.45,18.80
1607.00,0.12,0.05,0.03,0.12,0.20,0.44,23.30
1608.00,0.11,0.05,0.04,0.12,0.20,0.43,24.00
1609.00,0.12,0.05,0.03,0.12,0.20,0.44,24.00
1610.00,0.11,0.05,0.04,0.12,0.20,0.43,24.00
1611.00,0.12,0.05,0.03,0.12,0.20,0.44,24.00
1612.00,0.11,0.05,0.04,0.12,0.20,0.43,24.00
1613.00,0.12,0.05,0.03,0.12,0.20,0.44,24.00
1614.00,0.11,0.05,0.04,0.12,0.20,0.44,21.90
1615.00,0.12,0.05,0.03,0.12,0.20,0.44,19.40
1616.00,0.12,0.05,0.04,0.12,0.20,0.43,25.30
1617.00,0.12,0.05,0.03,0.12,0.21,0.43,32.80
1618.00,0.13,0.04,0.04,0.11,0.23,0.40,36.10
1619.00,0.14,0.04,0.03,0.12,0.24,0.40,38.60
1620.00,0.14,0.04,0.04,0.11,0.23,0.39,39.00
1621.00,0.14,0.04,0.03,0.12,0.24,0.40,39.00
1622.00,0.13,0.04,0.04,0.11,0.23,0.40,36.90
1623.00,0.13,0.05,0.03,0.12,0.23,0.41,34.40
1624.00,0.13,0.05,0.04,0.11,0.22,0.41,31.90
1625.00,0.12,0.05,0.03,0.12,0.21,0.43,29.40
1626.00,0.12,0.05,0.04,0.11,0.21,0.42,29.00
1627.00,0.12,0.05,0.03,0.12,0.21,0.43,29.00
1628.00,0.12,0.05,0.04,0.12,0.21,0.42,26.90
1629.00,0.12,0.05,0.03,0.12,0.20,0.44,24.40
1630.00,0.11,0.05,0.04,0.12,0.20,0.43,24.00
1631.00,0.12,0.05,0.03,0.12,0.20,0.44,24.00
1632.00,0.11,0.05,0.04,0.12,0.20,0.43,24.00
1633.00,0.11,0.06,0.03,0.12,0.19,0.45,24.00
1634.00,0.12,0.05,0.04,0.12,0.20,0.43,26.10
1635.00,0.12,0.05,0.03,0.12,0.21,0.43,28.60
1636.00,0.12,0.05,0.04,0.11,0.21,0.42,29.00
1637.00,0.12,0.05,0.03,0.12,0.22,0.43,29.00
1638.00,0.12,0.05,0.04,0.11,0.21,0.41,31.10
1639.00,0.13,0.05,0.03,0.12,0.23,0.42,33.60
1640.00,0.13,0.04,0.04,0.11,0.22,0.41,34.00
1641.00,0.13,0.04,0.04,0.12,0.23,0.41,34.00
1642.00,0.14,0.04,0.04,0.11,0.23,0.39,38.20
1643.00,0.14,0.04,0.04,0.12,0.25,0.38,43.20
1644.00,0.15,0.04,0.04,0.11,0.25,0.37,46.10
1645.00,0.15,0.04,0.04,0.12,0.26,0.37,48.60
1646.00,0.15,0.04,0.04,0.11,0.26,0.37,49.00
1647.00,0.15,0.04,0.04,0.11,0.26,0.37,49.00
1648.00,0.16,0.04,0.04,0.11,0.26,0.36,51.10
1649.00,0.14,0.04,0.04,0.12,0.25,0.38,53.60
1650.00,0.16,0.04,0.04,0.11,0.26,0.36,54.00
1651.00,0.16,0.03,0.04,0.11,0.27,0.35,54.00
1652.00,0.17,0.03,0.04,0.11,0.27,0.35,57.80
1653.00,0.18,0.03,0.04,0.11,0.27,0.33,62.30
1654.00,0.18,0.03,0.04,0.11,0.28,0.33,63.00
1655.00,0.18,0.03,0.04,0.11,0.28,0.33,63.00
1656.00,0.18,0.03,0.04,0.11,0.28,0.33,63.00
1657.00,0.18,0.03,0.04,0.11,0.28,0.33,63.00
1658.00,0.18,0.03,0.04,0.11,0.28,0.33,63.00
1659.00,0.18,0.03,0.04,0.11,0.28,0.33,63.00
1660.00,0.18,0.03,0.04,0.11,0.28,0.33,63.00
1661.00,0.18,0.03,0.04,0.11,0.28,0.33,63.00
1662.00,0.18,0.03,0.04,0.11,0.28,0.33,63.00
1663.00,0.18,0.03,0.04,0.11,0.28,0.33,63.00
1664.00,0.18,0.03,0.04,0.11,0.28,0.34,61.30
1665.00,0.15,0.04,0.03,0.12,0.26,0.37,59.30
1666.00,0.17,0.03,0.04,0.11,0.27,0.34,59.00
1667.00,0.17,0.03,0.04,0.11,0.27,0.34,59.00
1668.00,0.18,0.03,0.04,0.11,0.27,0.34,60.70
1669.00,0.18,0.03,0.04,0.11,0.27,0.33,62.70
1670.00,0.20,0.03,0.04,0.11,0.28,0.32,67.20
1671.00,0.21,0.02,0.04,0.10,0.29,0.30,72.20
1672.00,0.22,0.03,0.04,0.11,0.29,0.29,75.10
1673.00,0.22,0.02,0.05,0.10,0.29,0.28,77.60
1674.00,0.23,0.02,0.04,0.10,0.30,0.27,82.20
1675.00,0.24,0.01,0.05,0.10,0.30,0.26,87.20
1676.00,0.25,0.02,0.04,0.10,0.30,0.26,88.00
1677.00,0.24,0.01,0.05,0.10,0.30,0.26,88.00
1678.00,0.25,0.02,0.04,0.10,0.30,0.26,88.00
1679.00,0.24,0.01,0.05,0.10,0.30,0.26,88.00
1680.00,0.24,0.02,0.04,0.10,0.30,0.26,85.90
1681.00,0.19,0.03,0.04,0.11,0.28,0.32,83.40
1682.00,0.24,0.02,0.04,0.10,0.30,0.27,83.00
1683.00,0.23,0.02,0.05,0.10,0.30,0.27,83.00
1684.00,0.24,0.02,0.04,0.10,0.30,0.27,83.00
1685.00,0.23,0.02,0.05,0.10,0.30,0.27,83.00
1686.00,0.24,0.02,0.04,0.10,0.30,0.27,83.00
1687.00,0.23,0.02,0.05,0.10,0.30,0.27,83.00
1688.00,0.24,0.02,0.04,0.10,0.30,0.27,83.00
1689.00,0.23,0.02,0.05,0.10,0.30,0.27,83.00
1690.00,0.23,0.02,0.04,0.10,0.30,0.28,80.90
1691.00,0.22,0.02,0.05,0.10,0.29,0.28,78.40
1692.00,0.22,0.03,0.04,0.11,0.29,0.30,73.80
1693.00,0.20,0.03,0.04,0.11,0.28,0.31,68.80
1694.00,0.20,0.03,0.04,0.11,0.28,0.32,68.00
1695.00,0.19,0.03,0.04,0.11,0.28,0.31,68.00
1696.00,0.20,0.03,0.04,0.11,0.28,0.32,68.00
1697.00,0.16,0.03,0.04,0.11,0.27,0.35,68.00
1698.00,0.19,0.03,0.04,0.11,0.28,0.32,65.90
1699.00,0.18,0.03,0.04,0.11,0.28,0.33,63.40
1700.00,0.17,0.03,0.04,0.11,0.27,0.34,59.30
1701.00,0.16,0.04,0.04,0.11,0.27,0.35,54.80
1702.00,0.16,0.04,0.04,0.11,0.26,0.36,51.90
1703.00,0.15,0.04,0.04,0.12,0.26,0.37,49.40
1704.00,0.15,0.04,0.04,0.11,0.25,0.37,46.90
1705.00,0.15,0.04,0.04,0.12,0.25,0.38,44.40
1706.00,0.14,0.04,0.04,0.11,0.24,0.39,39.90
1707.00,0.13,0.04,0.03,0.12,0.23,0.41,34.90
1708.00,0.13,0.05,0.04,0.11,0.22,0.41,31.90
1709.00,0.12,0.05,0.03,0.12,0.22,0.43,29.40
1710.00,0.12,0.05,0.04,0.12,0.21,0.42,26.90
1711.00,0.12,0.05,0.03,0.12,0.20,0.44,24.40
1712.00,0.11,0.05,0.04,0.12,0.20,0.43,24.00
1713.00,0.11,0.05,0.03,0.12,0.20,0.45,24.00
1714.00,0.11,0.05,0.04,0.12,0.20,0.43,24.00
1715.00,0.12,0.05,0.03,0.12,0.20,0.44,24.00
1716.00,0.11,0.05,0.04,0.12,0.20,0.44,21.90
1717.00,0.11,0.05,0.03,0.12,0.20,0.45,19.40
1718.00,0.11,0.05,0.04,0.12,0.20,0.44,21.10
1719.00,0.12,0.05,0.03,0.12,0.20,0.44,23.60
1720.00,0.11,0.05,0.04,0.12,0.20,0.44,21.90
1721.00,0.11,0.05,0.03,0.12,0.20,0.45,19.40
1722.00,0.11,0.05,0.04,0.12,0.19,0.45,17.30
1723.00,0.11,0.06,0.02,0.12,0.19,0.47,15.30
1724.00,0.10,0.06,0.03,0.12,0.19,0.47,12.90
1725.00,0.10,0.06,0.02,0.11,0.17,0.50,10.40
1726.00,0.10,0.06,0.03,0.12,0.18,0.48,10.00
1727.00,0.10,0.06,0.01,0.11,0.17,0.51,10.00
1728.00,0.10,0.06,0.03,0.12,0.18,0.48,10.00
1729.00,0.09,0.06,0.01,0.11,0.17,0.51,10.00
1730.00,0.10,0.06,0.03,0.12,0.18,0.48,7.90
1731.00,0.10,0.06,0.02,0.11,0.17,0.51,5.40
1732.00,0.10,0.06,0.03,0.12,0.18,0.49,0.90
1733.00,0.09,0.07,0.01,0.12,0.16,0.53,-4.10
1734.00,0.09,0.06,0.03,0.12,0.17,0.50,-2.90
1735.00,0.09,0.06,0.01,0.11,0.16,0.54,-0.40
1736.00,0.10,0.06,0.02,0.10,0.15,0.55,0.00
1737.00,0.09,0.06,0.01,0.11,0.17,0.52,0.00
1738.00,0.09,0.06,0.03,0.12,0.17,0.50,-2.10
1739.00,0.09,0.07,0.01,0.12,0.16,0.53,-4.60
1740.00,0.09,0.06,0.03,0.12,0.17,0.50,-5.00
1741.00,0.09,0.07,0.01,0.12,0.16,0.53,-5.00
1742.00,0.09,0.07,0.03,0.12,0.17,0.49,-7.10
1743.00,0.08,0.08,0.01,0.13,0.16,0.52,-9.60
1744.00,0.09,0.07,0.03,0.13,0.17,0.48,-10.00
1745.00,0.08,0.08,0.02,0.13,0.16,0.50,-10.00
1746.00,0.09,0.07,0.03,0.12,0.17,0.49,-7.90
1747.00,0.09,0.07,0.01,0.12,0.16,0.53,-5.40
1748.00,0.09,0.06,0.03,0.12,0.17,0.50,-5.00
1749.00,0.09,0.07,0.01,0.12,0.16,0.53,-5.00
1750.00,0.09,0.07,0.03,0.12,0.17,0.49,-7.10
1751.00,0.08,0.08,0.01,0.13,0.16,0.52,-9.60
1752.00,0.09,0.07,0.03,0.13,0.17,0.48,-10.00
1753.00,0.08,0.08,0.02,0.13,0.16,0.49,-10.00
1754.00,0.08,0.08,0.04,0.14,0.17,0.46,-14.10
1755.00,0.07,0.09,0.03,0.14,0.16,0.48,-19.10
1756.00,0.08,0.08,0.04,0.14,0.17,0.44,-21.60
1757.00,0.07,0.09,0.03,0.15,0.16,0.46,-23.60
1758.00,0.08,0.08,0.04,0.14,0.17,0.42,-26.10
1759.00,0.07,0.09,0.03,0.15,0.16,0.44,-28.60
1760.00,0.08,0.09,0.05,0.15,0.17,0.41,-31.10
1761.00,0.07,0.09,0.03,0.15,0.16,0.45,-33.60
1762.00,0.08,0.09,0.05,0.15,0.17,0.41,-29.90
1763.00,0.07,0.09,0.03,0.15,0.16,0.46,-24.90
1764.00,0.08,0.08,0.04,0.14,0.17,0.43,-24.00
1765.00,0.07,0.09,0.03,0.15,0.16,0.46,-24.00
1766.00,0.08,0.08,0.04,0.14,0.17,0.43,-22.40
1767.00,0.07,0.09,0.03,0.14,0.16,0.47,-20.40
1768.00,0.08,0.08,0.04,0.14,0.17,0.44,-20.00
1769.00,0.07,0.09,0.03,0.14,0.16,0.48,-20.00
1770.00,0.08,0.08,0.04,0.14,0.17,0.44,-20.00
1771.00,0.07,0.09,0.03,0.14,0.16,0.47,-20.00
1772.00,0.08,0.08,0.04,0.14,0.17,0.44,-21.60
1773.00,0.07,0.09,0.03,0.15,0.16,0.46,-23.60
1774.00,0.08,0.08,0.04,0.14,0.17,0.43,-24.00
1775.00,0.07,0.09,0.03,0.15,0.16,0.46,-24.00
1776.00,0.08,0.08,0.04,0.14,0.17,0.43,-24.00
1777.00,0.07,0.09,0.03,0.15,0.16,0.45,-24.00
1778.00,0.08,0.08,0.04,0.14,0.17,0.42,-26.10
1779.00,0.07,0.09,0.03,0.15,0.16,0.44,-28.60
1780.00,0.08,0.09,0.05,0.15,0.17,0.42,-29.00
1781.00,0.07,0.10,0.03,0.15,0.16,0.44,-29.00
1782.00,0.08,0.09,0.05,0.15,0.17,0.42,-29.00
1783.00,0.07,0.09,0.03,0.15,0.16,0.44,-29.00
1784.00,0.08,0.09,0.05,0.15,0.17,0.41,-31.10
1785.00,0.07,0.10,0.04,0.15,0.17,0.42,-33.60
1786.00,0.08,0.09,0.05,0.15,0.17,0.40,-34.00
1787.00,0.07,0.10,0.04,0.15,0.17,0.42,-34.00
1788.00,0.07,0.09,0.05,0.15,0.18,0.39,-36.10
1789.00,0.07,0.10,0.04,0.16,0.17,0.40,-38.60
1790.00,0.07,0.09,0.05,0.15,0.18,0.39,-39.00
1791.00,0.07,0.10,0.05,0.16,0.17,0.40,-39.00
1792.00,0.07,0.09,0.06,0.16,0.18,0.38,-41.10
1793.00,0.07,0.10,0.04,0.15,0.17,0.41,-43.60
1794.00,0.07,0.10,0.06,0.16,0.18,0.37,-44.00
1795.00,0.07,0.10,0.05,0.16,0.18,0.38,-44.00
1796.00,0.07,0.10,0.06,0.16,0.18,0.37,-46.10
1797.00,0.07,0.10,0.06,0.17,0.18,0.36,-48.60
1798.00,0.07,0.10,0.06,0.16,0.18,0.36,-46.90
1799.00,0.07,0.10,0.05,0.16,0.18,0.38,-44.40
1800.00,0.07,0.10,0.06,0.16,0.18,0.37,-44.00
1801.00,0.07,0.10,0.05,0.16,0.18,0.38,-44.00
1802.00,0.07,0.10,0.06,0.16,0.18,0.37,-46.00
1803.00,0.07,0.10,0.06,0.17,0.18,0.36,-48.50
1804.00,0.07,0.10,0.06,0.16,0.19,0.36,-49.00
1805.00,0.07,0.11,0.06,0.17,0.19,0.36,-49.00
1806.00,0.07,0.10,0.06,0.17,0.19,0.35,-51.00
1807.00,0.07,0.11,0.06,0.17,0.19,0.34,-53.50
1808.00,0.07,0.11,0.07,0.17,0.19,0.34,-54.00
1809.00,0.07,0.11,0.06,0.17,0.19,0.35,-54.00
1810.00,0.07,0.11,0.07,0.17,0.19,0.34,-56.00
1811.00,0.07,0.12,0.07,0.17,0.20,0.33,-58.50
1812.00,0.07,0.11,0.07,0.17,0.20,0.33,-59.00
1813.00,0.07,0.12,0.07,0.17,0.20,0.33,-59.00
1814.00,0.07,0.11,0.07,0.17,0.20,0.33,-60.60
1815.00,0.07,0.12,0.08,0.18,0.20,0.32,-62.60
1816.00,0.07,0.12,0.07,0.17,0.20,0.32,-63.00
1817.00,0.07,0.12,0.08,0.18,0.20,0.32,-63.00
1818.00,0.07,0.12,0.07,0.17,0.20,0.32,-63.00
1819.00,0.07,0.12,0.08,0.18,0.20,0.32,-63.00
1820.00,0.07,0.12,0.08,0.17,0.20,0.32,-64.60
1821.00,0.07,0.12,0.08,0.18,0.21,0.31,-66.60
1822.00,0.07,0.12,0.08,0.18,0.21,0.31,-69.00
1823.00,0.07,0.13,0.09,0.18,0.21,0.30,-71.50
1824.00,0.07,0.12,0.08,0.18,0.21,0.30,-72.00
1825.00,0.07,0.12,0.07,0.17,0.20,0.32,-72.00
1826.00,0.07,0.12,0.08,0.18,0.21,0.31,-68.30
1827.00,0.07,0.12,0.08,0.18,0.20,0.31,-63.80
1828.00,0.07,0.12,0.08,0.17,0.20,0.32,-64.60
1829.00,0.07,0.12,0.08,0.18,0.21,0.31,-66.60
1830.00,0.07,0.12,0.08,0.18,0.21,0.31,-69.00
1831.00,0.07,0.13,0.09,0.18,0.21,0.30,-71.50
1832.00,0.07,0.12,0.08,0.18,0.21,0.30,-70.00
1833.00,0.07,0.12,0.08,0.18,0.21,0.31,-67.50
1834.00,0.07,0.12,0.08,0.18,0.20,0.31,-67.00
1835.00,0.07,0.12,0.08,0.18,0.21,0.31,-67.00
1836.00,0.07,0.12,0.08,0.18,0.21,0.31,-69.00
1837.00,0.07,0.13,0.09,0.18,0.21,0.30,-71.50
1838.00,0.07,0.12,0.09,0.18,0.21,0.30,-74.00
1839.00,0.07,0.13,0.09,0.18,0.21,0.29,-76.50
1840.00,0.07,0.12,0.09,0.18,0.21,0.30,-75.00
1841.00,0.07,0.12,0.07,0.17,0.20,0.32,-72.50
1842.00,0.07,0.12,0.08,0.18,0.21,0.30,-72.00
1843.00,0.07,0.13,0.09,0.18,0.21,0.29,-72.00
1844.00,0.07,0.13,0.09,0.18,0.21,0.29,-76.10
1845.00,0.07,0.13,0.09,0.18,0.21,0.28,-81.10
1846.00,0.07,0.13,0.09,0.18,0.21,0.29,-80.00
1847.00,0.07,0.13,0.09,0.18,0.21,0.29,-77.50
1848.00,0.07,0.13,0.09,0.18,0.21,0.29,-79.00
1849.00,0.07,0.13,0.09,0.18,0.22,0.28,-81.50
1850.00,0.07,0.13,0.09,0.18,0.22,0.28,-82.00
1851.00,0.07,0.13,0.09,0.18,0.22,0.28,-82.00
1852.00,0.07,0.13,0.09,0.18,0.21,0.29,-80.00
1853.00,0.07,0.13,0.09,0.18,0.21,0.29,-77.50
1854.00,0.07,0.13,0.09,0.18,0.21,0.29,-77.00
1855.00,0.07,0.13,0.09,0.18,0.21,0.29,-77.00
1856.00,0.07,0.13,0.09,0.18,0.21,0.29,-77.00
1857.00,0.07,0.12,0.08,0.18,0.20,0.31,-77.00
1858.00,0.07,0.13,0.09,0.18,0.21,0.29,-77.00
1859.00,0.07,0.13,0.09,0.18,0.21,0.29,-77.00
1860.00,0.07,0.13,0.09,0.18,0.21,0.29,-79.00
1861.00,0.07,0.13,0.09,0.18,0.22,0.28,-81.50
1862.00,0.07,0.13,0.09,0.18,0.22,0.28,-82.00
1863.00,0.07,0.13,0.09,0.18,0.22,0.28,-82.00
1864.00,0.07,0.13,0.09,0.18,0.22,0.28,-82.00
1865.00,0.07,0.13,0.09,0.18,0.22,0.28,-82.00
1866.00,0.07,0.13,0.09,0.18,0.22,0.28,-82.00
1867.00,0.07,0.13,0.09,0.18,0.22,0.28,-82.00
1868.00,0.07,0.13,0.09,0.18,0.22,0.28,-82.00
1869.00,0.07,0.13,0.09,0.18,0.22,0.28,-82.00
1870.00,0.07,0.13,0.09,0.18,0.21,0.29,-80.00
1871.00,0.07,0.13,0.09,0.18,0.21,0.29,-77.50
1872.00,0.07,0.12,0.09,0.18,0.21,0.30,-75.00
1873.00,0.07,0.12,0.07,0.17,0.20,0.32,-72.50
1874.00,0.07,0.12,0.08,0.18,0.21,0.30,-72.00
1875.00,0.07,0.13,0.09,0.18,0.21,0.29,-72.00
1876.00,0.07,0.13,0.09,0.18,0.21,0.29,-76.10
1877.00,0.07,0.13,0.09,0.18,0.21,0.28,-81.10
1878.00,0.07,0.13,0.09,0.18,0.21,0.29,-80.00
1879.00,0.07,0.13,0.09,0.18,0.21,0.29,-77.50
1880.00,0.07,0.12,0.09,0.18,0.21,0.30,-75.00
1881.00,0.07,0.13,0.09,0.18,0.21,0.29,-72.50
1882.00,0.07,0.12,0.09,0.18,0.21,0.30,-74.00
1883.00,0.07,0.13,0.09,0.18,0.21,0.29,-76.50
1884.00,0.07,0.13,0.09,0.18,0.21,0.29,-77.00
1885.00,0.07,0.13,0.09,0.18,0.21,0.29,-77.00
1886.00,0.07,0.12,0.09,0.18,0.21,0.30,-75.00
1887.00,0.07,0.13,0.09,0.18,0.21,0.29,-72.50
1888.00,0.07,0.12,0.08,0.18,0.21,0.30,-72.00
1889.00,0.07,0.12,0.07,0.17,0.20,0.32,-72.00
1890.00,0.07,0.12,0.09,0.18,0.21,0.30,-74.00
1891.00,0.07,0.13,0.09,0.18,0.21,0.29,-76.50
1892.00,0.07,0.13,0.09,0.18,0.21,0.29,-77.00
1893.00,0.07,0.13,0.09,0.18,0.21,0.29,-77.00
1894.00,0.07,0.13,0.09,0.18,0.21,0.29,-77.00
1895.00,0.07,0.13,0.09,0.18,0.21,0.29,-77.00
1896.00,0.07,0.12,0.09,0.18,0.21,0.30,-75.00
1897.00,0.07,0.13,0.09,0.18,0.21,0.29,-72.50
1898.00,0.07,0.12,0.08,0.18,0.21,0.30,-72.00
1899.00,0.07,0.13,0.09,0.18,0.21,0.30,-72.00
1900.00,0.07,0.12,0.08,0.18,0.21,0.30,-72.00
1901.00,0.07,0.13,0.09,0.18,0.21,0.30,-72.00
1902.00,0.07,0.12,0.08,0.18,0.21,0.30,-72.00
1903.00,0.07,0.13,0.09,0.18,0.21,0.30,-72.00
1904.00,0.07,0.12,0.08,0.18,0.21,0.30,-72.00
1905.00,0.07,0.12,0.07,0.17,0.20,0.33,-72.00
1906.00,0.07,0.12,0.08,0.18,0.21,0.30,-70.00
1907.00,0.07,0.12,0.08,0.18,0.21,0.31,-67.50
1908.00,0.07,0.12,0.08,0.18,0.20,0.31,-67.00
1909.00,0.07,0.12,0.08,0.18,0.21,0.31,-67.00
1910.00,0.07,0.12,0.08,0.17,0.20,0.31,-65.40
1911.00,0.07,0.12,0.08,0.18,0.20,0.31,-63.40
1912.00,0.07,0.12,0.08,0.17,0.20,0.32,-64.60
1913.00,0.07,0.12,0.08,0.18,0.21,0.31,-66.60
1914.00,0.07,0.12,0.08,0.18,0.20,0.31,-67.00
1915.00,0.07,0.12,0.08,0.18,0.21,0.31,-67.00
1916.00,0.07,0.12,0.08,0.17,0.20,0.31,-65.40
1917.00,0.07,0.12,0.08,0.18,0.20,0.32,-63.40
1918.00,0.07,0.12,0.07,0.17,0.20,0.32,-63.00
1919.00,0.07,0.12,0.08,0.18,0.20,0.32,-63.00
1920.00,0.07,0.12,0.07,0.17,0.20,0.32,-63.00
1921.00,0.07,0.11,0.06,0.17,0.19,0.35,-63.00
1922.00,0.07,0.12,0.07,0.17,0.20,0.32,-63.00
1923.00,0.07,0.12,0.08,0.18,0.20,0.32,-63.00
1924.00,0.07,0.12,0.07,0.17,0.20,0.32,-63.00
1925.00,0.07,0.12,0.08,0.18,0.20,0.32,-63.00
1926.00,0.07,0.12,0.07,0.17,0.20,0.32,-63.00
1927.00,0.07,0.12,0.08,0.18,0.20,0.32,-63.00
1928.00,0.07,0.12,0.08,0.17,0.20,0.32,-64.60
1929.00,0.07,0.12,0.08,0.18,0.21,0.31,-66.60
1930.00,0.07,0.12,0.08,0.17,0.20,0.31,-65.40
1931.00,0.07,0.12,0.08,0.18,0.20,0.32,-63.40
1932.00,0.07,0.12,0.07,0.17,0.20,0.32,-63.00
1933.00,0.07,0.12,0.08,0.18,0.20,0.32,-63.00
1934.00,0.07,0.11,0.07,0.17,0.20,0.32,-61.40
1935.00,0.07,0.12,0.07,0.17,0.20,0.33,-59.40
1936.00,0.07,0.11,0.07,0.17,0.19,0.34,-57.00
1937.00,0.12,0.10,0.13,0.13,0.19,0.21,-54.50
1938.00,0.07,0.10,0.06,0.17,0.19,0.35,-52.00
1939.00,0.07,0.11,0.06,0.17,0.19,0.36,-49.50
1940.00,0.07,0.10,0.06,0.16,0.18,0.37,-43.00
1941.00,0.07,0.10,0.04,0.15,0.17,0.42,-35.50
1942.00,0.08,0.09,0.05,0.15,0.17,0.42,-28.40
1943.00,0.07,0.09,0.03,0.14,0.16,0.46,-21.40
1944.00,0.08,0.08,0.04,0.13,0.17,0.47,-11.90
1945.00,0.09,0.06,0.01,0.12,0.17,0.51,-1.90
1946.00,0.10,0.06,0.03,0.12,0.18,0.49,6.00
1947.00,0.11,0.05,0.03,0.11,0.20,0.45,13.50
1948.00,0.11,0.05,0.04,0.12,0.20,0.44,22.70
1949.00,0.13,0.04,0.04,0.12,0.23,0.41,32.10
1950.00,0.14,0.04,0.04,0.11,0.24,0.39,40.00
1951.00,0.15,0.04,0.04,0.11,0.26,0.37,47.50
1952.00,0.16,0.04,0.04,0.11,0.27,0.35,54.60
1953.00,0.16,0.04,0.04,0.11,0.26,0.36,61.60
1954.00,0.20,0.03,0.04,0.11,0.29,0.31,69.00
1955.00,0.22,0.02,0.05,0.10,0.29,0.29,76.50
1956.00,0.23,0.02,0.04,0.10,0.30,0.27,82.00
1957.00,0.24,0.01,0.05,0.10,0.30,0.26,87.00
1958.00,0.25,0.02,0.05,0.10,0.31,0.25,90.00
1959.00,0.25,0.01,0.05,0.09,0.30,0.24,92.50
1960.00,0.26,0.02,0.05,0.09,0.31,0.24,95.00
1961.00,0.26,0.01,0.05,0.09,0.31,0.23,97.50
1962.00,0.27,0.01,0.05,0.09,0.31,0.23,98.00
1963.00,0.26,0.01,0.05,0.09,0.31,0.23,98.00
1964.00,0.26,0.02,0.05,0.09,0.31,0.24,94.00
1965.00,0.24,0.01,0.05,0.09,0.30,0.25,89.00
1966.00,0.25,0.02,0.05,0.10,0.31,0.25,90.00
1967.00,0.25,0.01,0.05,0.09,0.30,0.24,92.50
1968.00,0.26,0.02,0.05,0.09,0.31,0.24,95.00
1969.00,0.07,0.02,0.68,0.01,0.11,0.03,97.50
1970.00,0.25,0.02,0.05,0.10,0.31,0.24,92.00
1971.00,0.24,0.02,0.05,0.10,0.30,0.27,84.50
1972.00,0.21,0.03,0.04,0.11,0.29,0.30,73.40
1973.00,0.18,0.03,0.04,0.11,0.27,0.33,61.40
1974.00,0.13,0.05,0.04,0.11,0.22,0.41,31.30
1975.00,0.07,0.06,0.22,0.12,0.20,0.22,-3.20
1976.00,0.07,0.10,0.06,0.16,0.18,0.37,-44.90
1977.00,0.06,0.13,0.10,0.18,0.22,0.27,-88.40
1978.00,0.06,0.12,0.12,0.18,0.23,0.25,-133.90
1979.00,0.06,0.11,0.18,0.17,0.24,0.22,-179.90
1980.00,0.06,0.10,0.20,0.15,0.24,0.19,-224.30
1981.00,0.05,0.10,0.26,0.13,0.25,0.15,-268.30
1982.00,0.05,0.09,0.28,0.13,0.25,0.14,-312.30
1983.00,0.05,0.08,0.33,0.11,0.25,0.11,-356.30
1984.00,0.05,0.08,0.33,0.11,0.25,0.11,-388.60
1985.00,0.05,0.05,0.64,0.04,0.17,0.06,-418.10
1986.00,0.05,0.07,0.38,0.10,0.26,0.10,-447.20
1987.00,0.05,0.07,0.43,0.08,0.25,0.08,-476.20
1988.00,0.05,0.07,0.41,0.09,0.26,0.09,-495.60
1989.00,0.05,0.06,0.46,0.08,0.25,0.07,-512.60
1990.00,0.05,0.06,0.44,0.09,0.26,0.08,-537.60
1991.00,0.05,0.06,0.50,0.08,0.26,0.06,-564.60
1992.00,0.05,0.06,0.47,0.08,0.27,0.07,-587.60
1993.00,0.05,0.05,0.54,0.07,0.26,0.06,-609.60
1994.00,0.05,0.06,0.50,0.08,0.27,0.07,-621.60
1995.00,0.04,0.05,0.55,0.07,0.26,0.06,-631.10
1996.00,0.05,0.06,0.50,0.08,0.27,0.07,-633.00
1997.00,0.04,0.05,0.55,0.07,0.26,0.06,-633.00
1998.00,0.05,0.06,0.51,0.08,0.27,0.07,-639.00
1999.00,0.04,0.05,0.56,0.07,0.26,0.05,-646.50
2000.00,0.05,0.06,0.51,0.08,0.27,0.07,-646.00